model,prompt_id,aesthetics,geometric_consistency,semantic_consistency,structural_consistency,text_3d_alignment
hunyuan,0,2.0,2.6666666666666665,5.0,4.0,4.0
hunyuan,1,3.6666666666666665,5.0,8.333333333333334,5.333333333333333,6.333333333333333
hunyuan,2,1.6666666666666667,2.6666666666666665,5.333333333333333,4.0,4.0
hunyuan,3,4.0,6.0,8.0,8.0,5.0
hunyuan,4,3.6666666666666665,3.3333333333333335,8.0,6.666666666666667,7.666666666666667
hunyuan,5,2.6666666666666665,2.3333333333333335,8.333333333333334,4.0,8.0
hunyuan,6,3.6666666666666665,4.333333333333333,8.0,7.0,3.6666666666666665
hunyuan,7,4.333333333333333,4.333333333333333,8.333333333333334,7.333333333333333,8.333333333333334
hunyuan,8,3.3333333333333335,5.0,8.666666666666666,8.0,7.333333333333333
hunyuan,9,5.0,5.333333333333333,5.333333333333333,4.666666666666667,6.0
hunyuan,10,5.333333333333333,5.666666666666667,8.666666666666666,8.333333333333334,8.0
hunyuan,11,4.0,3.0,7.333333333333333,3.3333333333333335,7.333333333333333
hunyuan,12,7.0,5.666666666666667,8.333333333333334,7.0,6.333333333333333
hunyuan,13,2.0,2.0,2.3333333333333335,1.0,3.0
hunyuan,14,3.3333333333333335,3.3333333333333335,5.333333333333333,3.3333333333333335,6.0
hunyuan,15,4.666666666666667,5.0,8.666666666666666,8.0,4.333333333333333
hunyuan,16,2.3333333333333335,4.333333333333333,6.0,4.0,5.333333333333333
hunyuan,17,7.0,7.0,9.0,9.0,8.0
hunyuan,18,3.0,2.6666666666666665,4.0,2.6666666666666665,4.666666666666667
hunyuan,19,4.0,4.0,5.666666666666667,4.333333333333333,4.333333333333333
hunyuan,20,4.333333333333333,4.333333333333333,8.333333333333334,7.0,3.6666666666666665
hunyuan,21,4.333333333333333,4.666666666666667,9.0,8.0,5.0
hunyuan,22,1.6666666666666667,1.6666666666666667,6.666666666666667,3.0,2.0
hunyuan,23,3.6666666666666665,4.0,4.0,3.0,4.333333333333333
hunyuan,24,3.3333333333333335,5.0,8.666666666666666,8.0,5.0
hunyuan,25,3.3333333333333335,3.3333333333333335,4.666666666666667,3.3333333333333335,4.0
hunyuan,26,1.0,1.6666666666666667,4.0,2.0,2.0
hunyuan,27,4.333333333333333,4.666666666666667,6.333333333333333,4.333333333333333,5.333333333333333
hunyuan,28,3.0,3.3333333333333335,8.333333333333334,7.0,8.666666666666666
hunyuan,29,5.666666666666667,5.333333333333333,6.333333333333333,5.666666666666667,6.666666666666667
hunyuan,30,3.3333333333333335,3.6666666666666665,8.0,6.666666666666667,4.666666666666667
hunyuan,31,4.666666666666667,4.666666666666667,8.333333333333334,7.0,7.333333333333333
hunyuan,32,4.333333333333333,5.333333333333333,8.666666666666666,8.666666666666666,7.333333333333333
hunyuan,33,4.0,4.333333333333333,8.666666666666666,7.666666666666667,5.333333333333333
hunyuan,34,2.3333333333333335,2.3333333333333335,4.0,2.3333333333333335,3.3333333333333335
hunyuan,35,4.0,3.6666666666666665,5.0,3.0,7.0
hunyuan,36,2.3333333333333335,2.3333333333333335,6.333333333333333,3.0,3.6666666666666665
hunyuan,37,4.0,4.666666666666667,4.666666666666667,4.666666666666667,4.333333333333333
hunyuan,38,2.6666666666666665,3.0,7.666666666666667,4.666666666666667,3.0
hunyuan,39,7.0,6.333333333333333,7.333333333333333,7.0,2.6666666666666665
hunyuan,40,6.666666666666667,7.0,7.333333333333333,7.666666666666667,8.0
hunyuan,41,3.6666666666666665,3.6666666666666665,5.666666666666667,4.666666666666667,5.0
hunyuan,42,1.6666666666666667,2.6666666666666665,4.333333333333333,3.0,3.3333333333333335
hunyuan,43,6.666666666666667,5.666666666666667,8.666666666666666,8.666666666666666,5.666666666666667
hunyuan,44,4.0,5.666666666666667,6.666666666666667,7.333333333333333,4.666666666666667
hunyuan,45,3.0,1.5,1.5,0.5,2.5
hunyuan,46,2.3333333333333335,2.0,4.0,2.6666666666666665,3.0
hunyuan,47,4.333333333333333,4.666666666666667,6.0,5.0,4.333333333333333
hunyuan,48,4.0,4.0,7.0,4.333333333333333,6.0
hunyuan,49,5.0,6.0,9.0,9.0,3.0
hunyuan,50,4.666666666666667,4.0,5.333333333333333,3.6666666666666665,6.0
hunyuan,51,5.0,5.666666666666667,8.0,8.0,2.0
hunyuan,52,3.6666666666666665,3.6666666666666665,8.0,4.333333333333333,5.666666666666667
hunyuan,53,6.666666666666667,6.333333333333333,9.0,7.666666666666667,9.0
hunyuan,54,6.333333333333333,7.333333333333333,8.333333333333334,7.666666666666667,5.0
hunyuan,55,3.0,2.3333333333333335,3.3333333333333335,2.3333333333333335,4.0
hunyuan,56,3.6666666666666665,3.0,4.333333333333333,2.6666666666666665,4.666666666666667
hunyuan,57,3.6666666666666665,2.6666666666666665,5.333333333333333,3.6666666666666665,4.333333333333333
hunyuan,58,3.3333333333333335,3.0,5.0,3.6666666666666665,3.6666666666666665
hunyuan,59,5.0,4.666666666666667,9.0,7.0,9.0
hunyuan,60,5.0,4.666666666666667,7.333333333333333,6.333333333333333,4.666666666666667
hunyuan,61,3.0,3.0,4.333333333333333,3.0,6.0
hunyuan,62,4.666666666666667,5.0,8.333333333333334,8.0,5.666666666666667
hunyuan,63,2.0,0.3333333333333333,3.3333333333333335,2.0,1.6666666666666667
hunyuan,64,0.6666666666666666,1.6666666666666667,1.3333333333333333,4.333333333333333,0.6666666666666666
hunyuan,65,5.333333333333333,8.0,9.0,9.0,3.6666666666666665
hunyuan,66,2.3333333333333335,2.6666666666666665,7.666666666666667,5.0,4.0
hunyuan,67,3.3333333333333335,4.0,5.0,4.333333333333333,4.333333333333333
hunyuan,68,5.333333333333333,4.333333333333333,8.333333333333334,6.333333333333333,6.333333333333333
hunyuan,69,5.0,6.333333333333333,5.666666666666667,5.666666666666667,4.666666666666667
hunyuan,70,7.333333333333333,5.333333333333333,8.333333333333334,6.0,6.666666666666667
hunyuan,71,7.666666666666667,3.3333333333333335,8.666666666666666,3.0,4.0
hunyuan,72,4.333333333333333,4.333333333333333,7.666666666666667,8.0,2.6666666666666665
hunyuan,73,1.6666666666666667,1.6666666666666667,2.6666666666666665,2.0,1.6666666666666667
hunyuan,74,1.6666666666666667,2.6666666666666665,3.6666666666666665,3.3333333333333335,3.0
hunyuan,75,4.333333333333333,4.333333333333333,5.0,4.0,2.6666666666666665
hunyuan,76,5.0,4.333333333333333,7.333333333333333,4.666666666666667,5.333333333333333
hunyuan,77,2.3333333333333335,2.3333333333333335,2.0,1.6666666666666667,1.0
hunyuan,78,3.0,2.6666666666666665,8.333333333333334,7.333333333333333,5.0
hunyuan,79,3.0,4.666666666666667,9.0,8.666666666666666,2.6666666666666665
hunyuan,80,3.6666666666666665,3.3333333333333335,4.333333333333333,2.6666666666666665,4.0
hunyuan,81,1.6666666666666667,2.0,2.6666666666666665,4.0,2.0
hunyuan,82,3.6666666666666665,0.6666666666666666,1.3333333333333333,1.3333333333333333,1.0
hunyuan,83,6.666666666666667,7.0,8.333333333333334,7.666666666666667,2.6666666666666665
hunyuan,84,3.0,1.6666666666666667,3.3333333333333335,1.3333333333333333,3.6666666666666665
hunyuan,85,6.0,5.666666666666667,8.666666666666666,4.0,2.0
hunyuan,86,1.3333333333333333,1.6666666666666667,2.0,2.0,1.3333333333333333
hunyuan,87,3.6666666666666665,4.0,5.333333333333333,6.333333333333333,2.3333333333333335
hunyuan,88,0.6666666666666666,1.0,2.0,1.0,1.6666666666666667
hunyuan,89,2.3333333333333335,2.6666666666666665,4.0,3.0,2.6666666666666665
hunyuan,90,5.0,5.333333333333333,5.333333333333333,3.6666666666666665,3.6666666666666665
hunyuan,91,1.6666666666666667,1.3333333333333333,4.0,2.3333333333333335,3.0
hunyuan,92,2.0,2.3333333333333335,4.333333333333333,3.3333333333333335,3.6666666666666665
hunyuan,93,4.0,4.333333333333333,5.0,2.6666666666666665,3.3333333333333335
hunyuan,94,7.0,6.666666666666667,9.0,8.333333333333334,4.0
hunyuan,95,1.0,1.0,2.0,1.0,0.6666666666666666
hunyuan,96,4.333333333333333,4.0,4.666666666666667,2.6666666666666665,3.3333333333333335
hunyuan,97,2.3333333333333335,1.6666666666666667,2.0,1.3333333333333333,2.3333333333333335
hunyuan,98,2.6666666666666665,5.0,7.333333333333333,7.666666666666667,1.6666666666666667
hunyuan,99,3.3333333333333335,3.3333333333333335,8.0,7.0,2.6666666666666665
spard,0,6.333333333333333,6.333333333333333,8.0,7.666666666666667,5.333333333333333
spard,1,1.6666666666666667,2.6666666666666665,5.0,3.6666666666666665,4.333333333333333
spard,2,4.333333333333333,2.0,4.0,3.0,5.666666666666667
spard,3,3.6666666666666665,4.666666666666667,8.333333333333334,8.333333333333334,6.0
spard,4,4.0,4.0,8.0,4.666666666666667,6.333333333333333
spard,5,3.0,3.0,4.333333333333333,3.3333333333333335,8.0
spard,6,2.3333333333333335,3.0,4.333333333333333,4.333333333333333,3.6666666666666665
spard,7,4.333333333333333,5.0,3.6666666666666665,2.6666666666666665,4.666666666666667
spard,8,6.0,5.0,8.0,7.0,8.0
spard,9,4.666666666666667,6.666666666666667,4.666666666666667,3.0,4.0
spard,10,3.6666666666666665,3.6666666666666665,5.333333333333333,3.6666666666666665,6.0
spard,11,4.0,3.3333333333333335,8.333333333333334,6.0,8.333333333333334
spard,12,5.333333333333333,4.666666666666667,7.666666666666667,7.333333333333333,7.666666666666667
spard,13,3.3333333333333335,3.0,3.3333333333333335,1.6666666666666667,3.3333333333333335
spard,14,1.6666666666666667,2.3333333333333335,3.3333333333333335,2.6666666666666665,4.0
spard,15,4.0,5.333333333333333,8.0,6.333333333333333,8.0
spard,16,4.0,4.333333333333333,4.333333333333333,3.6666666666666665,5.0
spard,17,4.666666666666667,5.0,5.0,4.333333333333333,7.333333333333333
spard,18,1.3333333333333333,1.6666666666666667,4.666666666666667,3.0,3.0
spard,19,4.666666666666667,4.333333333333333,4.666666666666667,3.0,3.3333333333333335
spard,20,3.0,2.3333333333333335,4.333333333333333,2.6666666666666665,3.0
spard,21,2.6666666666666665,3.6666666666666665,8.333333333333334,4.666666666666667,3.6666666666666665
spard,22,2.3333333333333335,2.6666666666666665,4.0,2.3333333333333335,2.0
spard,23,6.333333333333333,6.0,8.333333333333334,7.666666666666667,4.333333333333333
spard,24,2.0,2.0,7.0,3.6666666666666665,4.0
spard,25,5.0,5.666666666666667,9.0,8.0,9.0
spard,26,2.0,2.6666666666666665,4.666666666666667,2.6666666666666665,2.3333333333333335
spard,27,3.6666666666666665,3.0,3.6666666666666665,3.0,3.0
spard,28,2.3333333333333335,0.6666666666666666,2.0,0.6666666666666666,2.0
spard,29,3.3333333333333335,3.3333333333333335,4.666666666666667,3.0,3.6666666666666665
spard,30,2.0,2.3333333333333335,3.0,1.3333333333333333,3.0
spard,31,5.0,4.0,8.0,6.666666666666667,7.666666666666667
spard,32,5.0,5.0,8.666666666666666,7.666666666666667,8.333333333333334
spard,33,4.0,3.0,5.333333333333333,3.6666666666666665,5.0
spard,34,1.6666666666666667,1.3333333333333333,2.3333333333333335,1.3333333333333333,2.6666666666666665
spard,35,7.0,6.333333333333333,8.666666666666666,7.666666666666667,8.0
spard,36,2.0,2.0,4.666666666666667,3.0,3.0
spard,37,2.6666666666666665,2.3333333333333335,3.3333333333333335,1.3333333333333333,3.0
spard,38,4.0,3.0,8.333333333333334,6.333333333333333,5.0
spard,39,6.666666666666667,5.333333333333333,8.666666666666666,7.666666666666667,3.0
spard,40,4.0,4.0,4.666666666666667,4.0,6.333333333333333
spard,41,3.3333333333333335,3.0,5.0,3.3333333333333335,3.6666666666666665
spard,42,0.6666666666666666,0.0,0.6666666666666666,0.0,1.3333333333333333
spard,43,6.333333333333333,6.666666666666667,8.333333333333334,7.666666666666667,8.666666666666666
spard,44,6.666666666666667,6.666666666666667,8.333333333333334,7.666666666666667,8.666666666666666
spard,45,1.3333333333333333,0.0,0.3333333333333333,0.0,1.3333333333333333
spard,46,2.6666666666666665,1.6666666666666667,2.3333333333333335,1.3333333333333333,2.6666666666666665
spard,47,3.3333333333333335,4.0,7.333333333333333,6.333333333333333,4.666666666666667
spard,48,2.6666666666666665,1.6666666666666667,3.6666666666666665,3.0,2.6666666666666665
spard,49,4.333333333333333,4.666666666666667,8.666666666666666,8.0,1.6666666666666667
spard,50,7.333333333333333,6.0,8.333333333333334,8.0,5.333333333333333
spard,51,5.333333333333333,4.333333333333333,7.0,6.666666666666667,2.6666666666666665
spard,52,3.3333333333333335,3.3333333333333335,5.333333333333333,3.3333333333333335,5.0
spard,53,6.666666666666667,5.333333333333333,8.333333333333334,8.0,8.333333333333334
spard,54,4.0,4.333333333333333,4.333333333333333,3.0,4.666666666666667
spard,55,3.6666666666666665,3.0,5.333333333333333,3.3333333333333335,5.333333333333333
spard,56,4.666666666666667,3.6666666666666665,4.333333333333333,3.0,5.333333333333333
spard,57,3.0,2.3333333333333335,4.333333333333333,2.0,3.6666666666666665
spard,58,1.0,0.3333333333333333,1.0,0.3333333333333333,0.6666666666666666
spard,59,4.333333333333333,4.333333333333333,5.666666666666667,4.0,7.666666666666667
spard,60,3.6666666666666665,3.3333333333333335,7.0,5.333333333333333,4.0
spard,61,4.333333333333333,4.0,5.0,3.3333333333333335,6.666666666666667
spard,62,2.0,2.6666666666666665,3.3333333333333335,4.0,4.0
spard,63,3.0,0.6666666666666666,2.0,0.6666666666666666,3.3333333333333335
spard,64,1.6666666666666667,1.0,1.6666666666666667,0.6666666666666666,1.6666666666666667
spard,65,5.0,4.666666666666667,7.666666666666667,7.666666666666667,3.6666666666666665
spard,66,1.3333333333333333,1.6666666666666667,2.3333333333333335,1.6666666666666667,1.6666666666666667
spard,67,1.3333333333333333,2.3333333333333335,4.333333333333333,3.0,3.3333333333333335
spard,68,4.0,4.0,4.666666666666667,4.0,5.0
spard,69,3.3333333333333335,3.6666666666666665,5.666666666666667,4.333333333333333,4.0
spard,70,5.333333333333333,4.333333333333333,8.333333333333334,6.666666666666667,3.6666666666666665
spard,71,5.333333333333333,4.0,8.0,7.0,2.6666666666666665
spard,72,3.0,2.6666666666666665,3.6666666666666665,2.3333333333333335,2.0
spard,73,3.0,1.6666666666666667,2.3333333333333335,1.3333333333333333,2.6666666666666665
spard,74,1.6666666666666667,2.6666666666666665,5.0,4.333333333333333,2.0
spard,75,2.6666666666666665,2.6666666666666665,6.333333333333333,4.666666666666667,2.3333333333333335
spard,76,4.666666666666667,3.0,5.0,3.3333333333333335,6.0
spard,77,1.6666666666666667,1.0,1.0,1.0,0.6666666666666666
spard,78,3.6666666666666665,3.0,4.0,2.6666666666666665,5.666666666666667
spard,79,2.6666666666666665,3.0,7.0,4.333333333333333,2.6666666666666665
spard,80,5.666666666666667,3.3333333333333335,4.666666666666667,2.6666666666666665,4.666666666666667
spard,81,1.6666666666666667,0.6666666666666666,1.6666666666666667,0.6666666666666666,1.6666666666666667
spard,82,2.0,1.0,1.3333333333333333,0.6666666666666666,1.0
spard,83,5.333333333333333,5.666666666666667,8.0,7.0,4.0
spard,84,2.3333333333333335,2.6666666666666665,6.333333333333333,4.666666666666667,2.6666666666666665
spard,85,5.0,4.0,8.333333333333334,6.0,3.0
spard,86,3.3333333333333335,2.3333333333333335,5.0,3.6666666666666665,3.3333333333333335
spard,87,4.0,4.0,3.0,1.3333333333333333,2.0
spard,88,1.0,0.6666666666666666,1.3333333333333333,0.6666666666666666,1.0
spard,89,1.6666666666666667,1.6666666666666667,4.0,2.6666666666666665,1.3333333333333333
spard,90,6.666666666666667,5.666666666666667,8.666666666666666,7.666666666666667,6.0
spard,91,1.3333333333333333,1.3333333333333333,2.6666666666666665,2.0,2.6666666666666665
spard,92,1.6666666666666667,1.6666666666666667,3.6666666666666665,2.0,3.3333333333333335
spard,93,4.0,4.333333333333333,4.0,3.0,3.3333333333333335
spard,94,4.666666666666667,5.333333333333333,8.333333333333334,8.0,3.3333333333333335
spard,95,3.0,4.0,3.0,3.0,1.3333333333333333
spard,96,4.666666666666667,4.333333333333333,8.0,6.0,3.6666666666666665
spard,97,1.3333333333333333,0.3333333333333333,1.3333333333333333,0.6666666666666666,0.6666666666666666
spard,98,4.0,5.333333333333333,7.0,5.666666666666667,1.6666666666666667
spard,99,3.3333333333333335,2.6666666666666665,4.0,2.3333333333333335,2.6666666666666665
trellis,0,3.6666666666666665,4.333333333333333,5.666666666666667,6.666666666666667,4.666666666666667
trellis,1,4.666666666666667,4.666666666666667,6.333333333333333,6.0,5.666666666666667
trellis,2,5.0,4.333333333333333,6.0,4.333333333333333,8.333333333333334
trellis,3,4.666666666666667,6.0,9.0,8.333333333333334,7.666666666666667
trellis,4,3.6666666666666665,3.0,8.333333333333334,6.333333333333333,6.333333333333333
trellis,5,1.6666666666666667,2.0,7.666666666666667,5.666666666666667,8.0
trellis,6,4.0,5.666666666666667,8.0,7.0,7.333333333333333
trellis,7,4.333333333333333,6.666666666666667,5.666666666666667,8.0,8.333333333333334
trellis,8,3.6666666666666665,5.666666666666667,8.333333333333334,8.333333333333334,8.333333333333334
trellis,9,7.0,7.333333333333333,8.333333333333334,8.333333333333334,8.0
trellis,10,2.6666666666666665,2.3333333333333335,5.0,3.0,3.6666666666666665
trellis,11,4.666666666666667,5.333333333333333,8.666666666666666,7.666666666666667,6.0
trellis,12,6.0,5.666666666666667,9.0,8.333333333333334,5.0
trellis,13,3.0,3.3333333333333335,6.666666666666667,6.333333333333333,3.3333333333333335
trellis,14,3.3333333333333335,4.333333333333333,7.0,5.0,7.333333333333333
trellis,15,5.0,5.333333333333333,8.333333333333334,5.666666666666667,3.6666666666666665
trellis,16,3.3333333333333335,3.0,2.6666666666666665,2.0,3.6666666666666665
trellis,17,8.0,8.333333333333334,9.0,9.0,9.0
trellis,18,3.0,3.0,7.666666666666667,4.0,8.333333333333334
trellis,19,4.666666666666667,4.666666666666667,6.0,3.0,3.3333333333333335
trellis,20,3.0,3.0,6.0,3.3333333333333335,1.6666666666666667
trellis,21,4.333333333333333,4.666666666666667,9.0,8.0,5.0
trellis,22,2.0,3.0,6.333333333333333,4.0,2.6666666666666665
trellis,23,4.333333333333333,4.666666666666667,8.333333333333334,6.0,8.666666666666666
trellis,24,2.3333333333333335,3.6666666666666665,7.666666666666667,6.333333333333333,4.333333333333333
trellis,25,4.333333333333333,4.333333333333333,5.666666666666667,4.0,5.666666666666667
trellis,26,1.0,1.6666666666666667,2.3333333333333335,1.3333333333333333,0.6666666666666666
trellis,27,4.0,2.6666666666666665,7.0,2.6666666666666665,4.333333333333333
trellis,28,2.0,1.6666666666666667,5.0,3.3333333333333335,5.0
trellis,29,6.0,6.0,8.666666666666666,8.333333333333334,7.0
trellis,30,4.333333333333333,4.333333333333333,4.666666666666667,2.3333333333333335,3.6666666666666665
trellis,31,4.333333333333333,4.0,8.666666666666666,7.666666666666667,8.666666666666666
trellis,32,5.333333333333333,5.333333333333333,8.0,8.0,6.666666666666667
trellis,33,5.0,4.333333333333333,5.666666666666667,5.0,6.0
trellis,34,3.3333333333333335,2.3333333333333335,4.0,2.6666666666666665,4.333333333333333
trellis,35,3.0,2.6666666666666665,5.666666666666667,3.6666666666666665,7.333333333333333
trellis,36,3.3333333333333335,2.3333333333333335,5.0,3.3333333333333335,3.0
trellis,37,4.666666666666667,5.333333333333333,5.0,6.0,5.333333333333333
trellis,38,3.0,4.666666666666667,8.333333333333334,7.333333333333333,2.0
trellis,39,5.0,3.3333333333333335,5.666666666666667,3.6666666666666665,3.0
trellis,40,4.333333333333333,4.333333333333333,7.666666666666667,3.6666666666666665,7.666666666666667
trellis,41,3.6666666666666665,3.6666666666666665,6.666666666666667,3.6666666666666665,3.6666666666666665
trellis,42,4.0,4.666666666666667,8.0,5.666666666666667,6.666666666666667
trellis,43,4.666666666666667,5.0,8.666666666666666,8.666666666666666,6.333333333333333
trellis,44,7.666666666666667,7.0,9.0,8.666666666666666,8.0
trellis,45,2.3333333333333335,1.6666666666666667,3.6666666666666665,2.6666666666666665,3.0
trellis,46,4.0,3.6666666666666665,5.0,4.0,4.333333333333333
trellis,47,3.6666666666666665,3.3333333333333335,4.333333333333333,3.3333333333333335,4.0
trellis,48,4.0,3.3333333333333335,7.333333333333333,3.6666666666666665,6.666666666666667
trellis,49,4.0,5.0,7.0,6.0,2.3333333333333335
trellis,50,1.0,1.0,2.0,0.6666666666666666,2.0
trellis,51,5.666666666666667,4.333333333333333,7.666666666666667,5.333333333333333,3.0
trellis,52,6.0,6.666666666666667,9.0,9.0,7.333333333333333
trellis,53,7.666666666666667,7.0,9.0,8.666666666666666,9.0
trellis,54,7.0,6.0,8.333333333333334,7.666666666666667,6.0
trellis,55,2.6666666666666665,2.3333333333333335,4.666666666666667,3.0,5.0
trellis,56,4.0,3.3333333333333335,4.666666666666667,2.6666666666666665,6.333333333333333
trellis,57,6.0,5.0,8.0,7.0,6.0
trellis,58,6.0,3.0,7.333333333333333,6.333333333333333,7.0
trellis,59,4.666666666666667,4.333333333333333,9.0,6.0,9.0
trellis,60,7.0,7.0,7.666666666666667,8.333333333333334,5.0
trellis,61,5.333333333333333,5.666666666666667,6.0,4.666666666666667,7.0
trellis,62,4.0,3.3333333333333335,8.333333333333334,6.0,8.0
trellis,63,4.0,2.6666666666666665,6.333333333333333,5.0,3.6666666666666665
trellis,64,2.0,2.6666666666666665,4.333333333333333,3.0,1.6666666666666667
trellis,65,6.666666666666667,7.666666666666667,8.666666666666666,8.666666666666666,4.0
trellis,66,4.0,4.0,7.333333333333333,5.333333333333333,4.333333333333333
trellis,67,3.3333333333333335,3.3333333333333335,6.0,3.6666666666666665,4.0
trellis,68,4.333333333333333,4.0,7.0,4.333333333333333,5.0
trellis,69,4.666666666666667,5.333333333333333,8.0,7.666666666666667,4.0
trellis,70,5.333333333333333,5.666666666666667,8.666666666666666,7.0,5.0
trellis,71,3.0,2.6666666666666665,5.0,2.6666666666666665,2.0
trellis,72,3.3333333333333335,3.0,7.333333333333333,5.0,2.3333333333333335
trellis,73,2.3333333333333335,1.6666666666666667,3.0,2.0,2.0
trellis,74,2.6666666666666665,2.0,5.333333333333333,3.0,3.0
trellis,75,3.6666666666666665,4.0,6.666666666666667,5.0,3.0
trellis,76,7.0,6.666666666666667,9.0,8.0,6.0
trellis,77,2.6666666666666665,2.0,2.3333333333333335,1.3333333333333333,1.0
trellis,78,5.0,5.333333333333333,8.0,5.333333333333333,6.333333333333333
trellis,79,3.6666666666666665,3.3333333333333335,8.333333333333334,5.0,2.6666666666666665
trellis,80,3.0,3.3333333333333335,7.333333333333333,4.333333333333333,3.3333333333333335
trellis,81,3.0,2.0,2.6666666666666665,3.6666666666666665,3.0
trellis,82,3.6666666666666665,2.0,2.6666666666666665,4.0,1.0
trellis,83,5.0,6.666666666666667,8.666666666666666,8.333333333333334,3.0
trellis,84,4.0,2.6666666666666665,8.333333333333334,7.0,3.0
trellis,85,6.666666666666667,8.0,9.0,4.666666666666667,1.6666666666666667
trellis,86,3.0,2.6666666666666665,6.0,3.6666666666666665,5.0
trellis,87,3.0,3.6666666666666665,7.0,5.333333333333333,1.6666666666666667
trellis,88,1.0,1.0,1.3333333333333333,0.6666666666666666,1.6666666666666667
trellis,89,2.6666666666666665,4.333333333333333,6.0,6.0,1.6666666666666667
trellis,90,6.0,5.333333333333333,8.333333333333334,8.333333333333334,4.0
trellis,91,1.3333333333333333,1.3333333333333333,1.6666666666666667,1.3333333333333333,2.3333333333333335
trellis,92,2.6666666666666665,2.6666666666666665,4.333333333333333,4.0,4.0
trellis,93,6.0,6.0,8.666666666666666,8.0,4.0
trellis,94,5.666666666666667,5.666666666666667,8.666666666666666,8.0,4.0
trellis,95,1.0,2.0,3.0,6.0,0.0
trellis,96,5.0,5.0,7.333333333333333,3.0,3.3333333333333335
trellis,97,1.0,0.6666666666666666,1.6666666666666667,0.6666666666666666,2.0
trellis,98,3.0,4.0,4.333333333333333,3.3333333333333335,2.3333333333333335
trellis,99,5.0,5.0,8.333333333333334,5.666666666666667,3.6666666666666665
triposr,0,0.6666666666666666,1.6666666666666667,2.3333333333333335,3.0,1.3333333333333333
triposr,1,1.6666666666666667,2.6666666666666665,3.6666666666666665,3.0,3.6666666666666665
triposr,2,1.0,1.3333333333333333,0.6666666666666666,2.0,0.6666666666666666
triposr,3,2.6666666666666665,4.0,8.333333333333334,8.666666666666666,4.0
triposr,4,2.0,2.3333333333333335,4.0,3.3333333333333335,3.6666666666666665
triposr,5,0.6666666666666666,1.0,1.6666666666666667,1.3333333333333333,1.6666666666666667
triposr,6,1.0,1.6666666666666667,5.0,3.0,3.0
triposr,7,1.0,3.0,1.6666666666666667,2.0,2.0
triposr,8,1.6666666666666667,2.6666666666666665,3.3333333333333335,2.3333333333333335,2.0
triposr,9,4.0,4.0,5.0,4.333333333333333,4.666666666666667
triposr,10,1.6666666666666667,2.0,2.6666666666666665,3.0,2.6666666666666665
triposr,11,1.3333333333333333,1.6666666666666667,2.3333333333333335,1.3333333333333333,1.6666666666666667
triposr,12,2.3333333333333335,2.6666666666666665,3.6666666666666665,3.0,4.0
triposr,13,2.0,1.6666666666666667,2.0,0.6666666666666666,2.0
triposr,14,0.6666666666666666,1.6666666666666667,1.6666666666666667,3.0,1.3333333333333333
triposr,15,4.0,4.333333333333333,7.666666666666667,7.0,4.0
triposr,16,1.0,1.3333333333333333,1.0,1.0,1.0
triposr,17,4.333333333333333,5.333333333333333,5.666666666666667,4.666666666666667,6.333333333333333
triposr,18,0.6666666666666666,0.6666666666666666,0.6666666666666666,0.6666666666666666,0.3333333333333333
triposr,19,1.0,1.0,1.3333333333333333,1.0,1.3333333333333333
triposr,20,1.0,1.0,1.0,0.3333333333333333,0.3333333333333333
triposr,21,1.3333333333333333,1.6666666666666667,4.666666666666667,2.0,2.0
triposr,22,0.6666666666666666,1.6666666666666667,2.3333333333333335,1.3333333333333333,2.0
triposr,23,1.0,1.6666666666666667,2.3333333333333335,1.3333333333333333,1.3333333333333333
triposr,24,3.0,3.0,5.0,4.0,2.0
triposr,25,1.6666666666666667,2.0,2.0,1.3333333333333333,2.0
triposr,26,0.6666666666666666,1.3333333333333333,0.6666666666666666,0.6666666666666666,0.6666666666666666
triposr,27,3.6666666666666665,2.6666666666666665,3.3333333333333335,4.666666666666667,2.6666666666666665
triposr,28,0.6666666666666666,1.0,1.6666666666666667,0.6666666666666666,3.0
triposr,29,3.0,2.3333333333333335,5.666666666666667,1.3333333333333333,2.6666666666666665
triposr,30,1.6666666666666667,2.0,1.3333333333333333,1.3333333333333333,2.3333333333333335
triposr,31,3.0,3.3333333333333335,4.333333333333333,2.6666666666666665,3.6666666666666665
triposr,32,3.6666666666666665,3.0,4.333333333333333,3.3333333333333335,5.0
triposr,33,1.0,1.6666666666666667,5.0,4.0,2.6666666666666665
triposr,34,1.3333333333333333,1.6666666666666667,4.0,2.0,2.0
triposr,35,1.3333333333333333,1.6666666666666667,3.0,2.3333333333333335,2.0
triposr,36,2.0,1.3333333333333333,4.0,2.0,3.0
triposr,37,2.0,2.3333333333333335,3.3333333333333335,2.0,2.6666666666666665
triposr,38,2.3333333333333335,3.3333333333333335,6.0,7.0,2.3333333333333335
triposr,39,2.0,2.0,6.666666666666667,5.666666666666667,1.6666666666666667
triposr,40,2.3333333333333335,2.6666666666666665,2.6666666666666665,2.0,3.0
triposr,41,2.6666666666666665,2.6666666666666665,5.0,3.3333333333333335,4.0
triposr,42,1.0,1.6666666666666667,0.6666666666666666,1.3333333333333333,0.6666666666666666
triposr,43,4.333333333333333,4.0,8.333333333333334,7.333333333333333,4.0
triposr,44,1.6666666666666667,3.3333333333333335,3.3333333333333335,3.6666666666666665,1.6666666666666667
triposr,45,1.0,2.0,1.3333333333333333,1.3333333333333333,1.0
triposr,46,1.3333333333333333,2.3333333333333335,2.0,3.3333333333333335,1.6666666666666667
triposr,47,3.0,3.0,5.666666666666667,3.3333333333333335,3.6666666666666665
triposr,48,2.3333333333333335,3.0,2.3333333333333335,3.3333333333333335,1.6666666666666667
triposr,49,3.0,2.3333333333333335,7.666666666666667,5.666666666666667,2.3333333333333335
triposr,50,4.333333333333333,3.0,4.666666666666667,3.3333333333333335,3.6666666666666665
triposr,51,1.6666666666666667,2.6666666666666665,3.6666666666666665,2.0,1.6666666666666667
triposr,52,2.3333333333333335,2.0,5.666666666666667,2.6666666666666665,4.0
triposr,53,3.6666666666666665,3.0,4.666666666666667,4.0,4.666666666666667
triposr,54,2.0,2.3333333333333335,3.3333333333333335,2.6666666666666665,2.3333333333333335
triposr,55,0.0,1.0,1.3333333333333333,1.0,1.6666666666666667
triposr,56,2.0,1.6666666666666667,2.0,1.6666666666666667,2.3333333333333335
triposr,57,1.6666666666666667,1.0,2.3333333333333335,1.0,2.0
triposr,58,2.0,0.3333333333333333,2.0,0.3333333333333333,1.0
triposr,59,2.3333333333333335,5.333333333333333,4.0,6.666666666666667,3.6666666666666665
triposr,60,1.6666666666666667,2.0,3.3333333333333335,4.666666666666667,2.3333333333333335
triposr,61,1.6666666666666667,2.3333333333333335,3.3333333333333335,2.6666666666666665,3.0
triposr,62,2.0,1.6666666666666667,2.0,1.6666666666666667,3.0
triposr,63,3.0,2.0,1.6666666666666667,1.0,1.6666666666666667
triposr,64,0.3333333333333333,1.3333333333333333,0.6666666666666666,0.6666666666666666,0.3333333333333333
triposr,65,3.3333333333333335,4.333333333333333,4.666666666666667,3.6666666666666665,3.0
triposr,66,0.6666666666666666,1.3333333333333333,1.0,0.3333333333333333,1.0
triposr,67,0.6666666666666666,0.6666666666666666,0.6666666666666666,0.6666666666666666,0.6666666666666666
triposr,68,1.6666666666666667,1.6666666666666667,2.6666666666666665,1.6666666666666667,2.0
triposr,69,3.0,4.0,5.333333333333333,2.6666666666666665,2.6666666666666665
triposr,70,1.6666666666666667,2.0,5.333333333333333,3.0,2.3333333333333335
triposr,71,4.0,3.3333333333333335,7.666666666666667,3.6666666666666665,2.6666666666666665
triposr,72,2.6666666666666665,2.3333333333333335,3.0,2.3333333333333335,1.6666666666666667
triposr,73,1.3333333333333333,1.6666666666666667,1.3333333333333333,2.0,0.0
triposr,74,1.0,1.3333333333333333,1.3333333333333333,3.3333333333333335,0.3333333333333333
triposr,75,2.3333333333333335,2.6666666666666665,5.0,3.6666666666666665,2.3333333333333335
triposr,76,4.0,1.6666666666666667,6.0,3.0,3.6666666666666665
triposr,77,1.0,1.3333333333333333,2.6666666666666665,3.6666666666666665,0.0
triposr,78,1.6666666666666667,1.6666666666666667,2.6666666666666665,1.6666666666666667,2.0
triposr,79,0.6666666666666666,1.0,2.0,2.0,1.0
triposr,80,4.0,2.0,3.0,1.3333333333333333,2.6666666666666665
triposr,81,1.0,1.0,0.0,0.6666666666666666,0.0
triposr,82,3.0,2.0,2.0,1.6666666666666667,0.6666666666666666
triposr,83,2.6666666666666665,2.3333333333333335,4.0,3.0,1.6666666666666667
triposr,84,1.0,0.6666666666666666,0.6666666666666666,0.6666666666666666,1.0
triposr,85,3.3333333333333335,3.6666666666666665,6.0,4.0,2.0
triposr,86,1.3333333333333333,1.6666666666666667,1.3333333333333333,1.6666666666666667,0.6666666666666666
triposr,87,5.666666666666667,6.0,5.0,7.0,2.3333333333333335
triposr,88,1.0,1.3333333333333333,2.6666666666666665,3.0,0.0
triposr,89,0.6666666666666666,1.3333333333333333,0.6666666666666666,1.6666666666666667,0.3333333333333333
triposr,90,4.333333333333333,3.3333333333333335,4.333333333333333,2.6666666666666665,3.6666666666666665
triposr,91,1.6666666666666667,1.6666666666666667,2.6666666666666665,1.6666666666666667,2.6666666666666665
triposr,92,0.6666666666666666,1.6666666666666667,0.6666666666666666,1.6666666666666667,1.0
triposr,93,2.6666666666666665,3.0,3.6666666666666665,2.0,2.3333333333333335
triposr,94,5.0,5.666666666666667,8.333333333333334,7.0,4.333333333333333
triposr,95,1.0,1.6666666666666667,1.6666666666666667,1.6666666666666667,0.6666666666666666
triposr,96,3.0,2.6666666666666665,7.0,5.666666666666667,3.6666666666666665
triposr,97,1.0,1.0,0.6666666666666666,1.3333333333333333,0.6666666666666666
triposr,98,3.3333333333333335,4.666666666666667,6.0,4.666666666666667,1.6666666666666667
triposr,99,2.0,2.0,4.0,2.6666666666666665,1.6666666666666667
unique3d,0,0.6666666666666666,2.0,2.6666666666666665,3.0,2.6666666666666665
unique3d,1,0.0,0.6666666666666666,1.0,0.6666666666666666,0.6666666666666666
unique3d,2,0.0,0.0,0.0,0.0,0.0
unique3d,3,0.6666666666666666,0.6666666666666666,2.3333333333333335,2.0,1.3333333333333333
unique3d,4,0.0,0.3333333333333333,0.3333333333333333,0.3333333333333333,0.3333333333333333
unique3d,5,0.0,0.6666666666666666,1.3333333333333333,1.0,0.3333333333333333
unique3d,6,0.6666666666666666,1.6666666666666667,2.0,1.6666666666666667,1.0
unique3d,7,0.0,1.0,0.6666666666666666,0.6666666666666666,1.0
unique3d,8,2.0,3.0,3.3333333333333335,6.666666666666667,2.3333333333333335
unique3d,9,0.0,0.6666666666666666,0.0,0.3333333333333333,0.0
unique3d,10,0.0,1.3333333333333333,4.333333333333333,4.333333333333333,1.0
unique3d,11,0.0,0.3333333333333333,1.3333333333333333,0.6666666666666666,0.6666666666666666
unique3d,12,0.0,1.0,2.3333333333333335,1.6666666666666667,1.3333333333333333
unique3d,13,0.0,0.6666666666666666,1.3333333333333333,0.6666666666666666,0.6666666666666666
unique3d,14,0.6666666666666666,1.6666666666666667,3.0,2.3333333333333335,2.0
unique3d,15,0.3333333333333333,1.0,3.6666666666666665,3.3333333333333335,1.0
unique3d,16,0.0,0.3333333333333333,0.0,0.0,0.0
unique3d,17,0.0,0.6666666666666666,1.6666666666666667,1.6666666666666667,0.6666666666666666
unique3d,18,0.0,0.0,0.0,0.0,0.0
unique3d,19,0.3333333333333333,1.3333333333333333,1.6666666666666667,2.0,1.0
unique3d,20,0.3333333333333333,0.6666666666666666,0.6666666666666666,0.6666666666666666,0.0
unique3d,21,0.0,0.6666666666666666,4.0,1.3333333333333333,1.0
unique3d,22,0.0,0.0,0.3333333333333333,0.3333333333333333,0.3333333333333333
unique3d,23,0.0,0.3333333333333333,0.0,0.3333333333333333,0.0
unique3d,24,0.3333333333333333,0.6666666666666666,2.6666666666666665,3.0,1.6666666666666667
unique3d,25,0.0,0.3333333333333333,0.3333333333333333,0.3333333333333333,0.0
unique3d,26,0.0,0.0,0.0,0.0,0.0
unique3d,27,0.0,0.6666666666666666,0.3333333333333333,0.3333333333333333,0.0
unique3d,28,0.0,0.3333333333333333,0.3333333333333333,0.3333333333333333,0.0
unique3d,29,0.0,1.3333333333333333,5.666666666666667,5.333333333333333,1.0
unique3d,30,1.0,1.6666666666666667,2.3333333333333335,1.3333333333333333,1.6666666666666667
unique3d,31,0.0,1.0,3.0,2.3333333333333335,2.0
unique3d,32,0.0,0.3333333333333333,1.0,1.3333333333333333,0.6666666666666666
unique3d,33,0.0,0.3333333333333333,0.3333333333333333,0.6666666666666666,0.0
unique3d,34,0.0,0.0,0.0,0.0,0.0
unique3d,35,0.0,0.6666666666666666,0.0,0.6666666666666666,0.0
unique3d,36,0.0,0.0,1.3333333333333333,0.6666666666666666,0.6666666666666666
unique3d,37,0.0,0.3333333333333333,1.0,0.3333333333333333,0.6666666666666666
unique3d,38,0.0,0.6666666666666666,1.3333333333333333,0.6666666666666666,0.6666666666666666
unique3d,39,0.0,0.3333333333333333,1.6666666666666667,1.3333333333333333,1.3333333333333333
unique3d,40,0.0,0.0,0.0,0.3333333333333333,0.0
unique3d,41,0.0,0.6666666666666666,0.0,0.3333333333333333,0.6666666666666666
unique3d,42,1.0,1.0,0.6666666666666666,0.6666666666666666,0.6666666666666666
unique3d,43,1.0,3.3333333333333335,4.666666666666667,4.666666666666667,2.0
unique3d,44,0.0,0.6666666666666666,0.0,0.6666666666666666,0.0
unique3d,45,0.0,0.0,0.0,0.0,0.0
unique3d,46,0.0,0.0,0.0,0.0,0.0
unique3d,47,0.0,0.0,0.0,0.0,0.0
unique3d,48,0.0,0.0,0.0,0.0,0.0
unique3d,49,0.0,0.6666666666666666,2.0,1.6666666666666667,0.6666666666666666
unique3d,50,0.0,0.3333333333333333,0.0,0.3333333333333333,0.0
unique3d,51,0.0,0.0,0.0,0.0,0.0
unique3d,52,0.0,1.3333333333333333,1.6666666666666667,1.3333333333333333,2.0
unique3d,53,0.0,0.3333333333333333,0.6666666666666666,1.0,0.0
unique3d,54,0.0,1.0,5.333333333333333,3.3333333333333335,1.0
unique3d,55,0.0,0.6666666666666666,0.0,0.0,0.0
unique3d,56,0.0,0.6666666666666666,0.6666666666666666,0.6666666666666666,0.0
unique3d,57,0.0,0.3333333333333333,0.3333333333333333,0.3333333333333333,0.3333333333333333
unique3d,58,0.0,0.0,0.0,0.3333333333333333,0.0
unique3d,59,1.0,1.0,1.3333333333333333,0.6666666666666666,1.6666666666666667
unique3d,60,0.0,0.3333333333333333,0.0,0.0,0.0
unique3d,61,0.0,0.3333333333333333,0.3333333333333333,1.0,0.3333333333333333
unique3d,62,1.0,1.0,3.0,3.0,1.0
unique3d,63,0.0,0.0,0.0,0.0,0.0
unique3d,64,0.0,0.0,0.3333333333333333,0.3333333333333333,0.3333333333333333
unique3d,65,1.3333333333333333,2.0,6.333333333333333,6.333333333333333,2.0
unique3d,66,0.3333333333333333,1.3333333333333333,1.0,1.6666666666666667,0.3333333333333333
unique3d,67,0.3333333333333333,1.6666666666666667,6.666666666666667,6.0,1.0
unique3d,68,0.0,0.3333333333333333,0.3333333333333333,0.3333333333333333,0.3333333333333333
unique3d,69,0.6666666666666666,1.3333333333333333,2.3333333333333335,2.0,0.6666666666666666
unique3d,70,0.0,0.6666666666666666,0.6666666666666666,0.6666666666666666,0.6666666666666666
unique3d,71,1.0,1.6666666666666667,2.6666666666666665,2.6666666666666665,1.0
unique3d,72,0.6666666666666666,2.0,5.0,3.6666666666666665,1.3333333333333333
unique3d,73,0.0,0.0,0.0,0.0,0.0
unique3d,74,0.0,0.0,0.0,0.3333333333333333,0.0
unique3d,75,0.0,1.0,2.3333333333333335,2.3333333333333335,0.6666666666666666
unique3d,76,0.0,0.6666666666666666,0.0,0.0,0.0
unique3d,77,0.0,0.0,0.0,0.0,0.0
unique3d,78,0.3333333333333333,1.0,1.6666666666666667,1.0,1.0
unique3d,79,0.0,0.0,1.3333333333333333,0.6666666666666666,0.6666666666666666
unique3d,80,0.0,1.0,1.6666666666666667,1.0,1.6666666666666667
unique3d,81,0.0,0.3333333333333333,0.0,0.3333333333333333,0.0
unique3d,82,0.0,0.3333333333333333,0.0,0.3333333333333333,0.0
unique3d,83,0.0,0.0,0.0,0.0,0.0
unique3d,84,0.0,0.0,0.0,0.0,0.0
unique3d,85,0.0,1.6666666666666667,3.0,1.3333333333333333,1.0
unique3d,86,0.0,0.3333333333333333,0.0,0.6666666666666666,0.0
unique3d,87,1.3333333333333333,3.6666666666666665,3.3333333333333335,5.666666666666667,1.0
unique3d,88,0.0,0.0,0.0,0.0,0.0
unique3d,89,0.0,1.0,1.3333333333333333,1.0,1.0
unique3d,90,0.0,1.3333333333333333,4.333333333333333,4.0,1.0
unique3d,91,0.0,0.3333333333333333,0.0,0.3333333333333333,0.0
unique3d,92,0.0,0.0,0.0,0.0,0.0
unique3d,93,0.0,2.0,1.3333333333333333,1.3333333333333333,0.6666666666666666
unique3d,94,0.0,1.3333333333333333,1.0,2.0,0.0
unique3d,95,0.0,1.0,0.3333333333333333,0.3333333333333333,0.0
unique3d,96,0.0,0.3333333333333333,0.6666666666666666,0.3333333333333333,0.0
unique3d,97,0.0,0.0,0.0,0.0,0.0
unique3d,98,1.0,2.3333333333333335,5.333333333333333,6.333333333333333,0.6666666666666666
unique3d,99,0.0,0.0,0.0,0.0,0.0
