model,prompt_id,round,geometric_consistency_sd,structural_consistency_sd,semantic_consistency_sd,aesthetics_sd,text_3d_alignment_sd
spard,4,2,0.0,0.577,0.0,0.0,0.577
spard,3,2,1.528,0.577,0.577,1.528,1.732
spard,3,3,1.528,0.577,0.577,1.528,1.732
spard,0,2,1.414,2.121,0.707,1.414,0.707
spard,0,3,1.414,1.414,0.707,0.707,0.707
spard,2,2,0.577,0.577,1.528,1.732,1.155
spard,2,3,0.0,0.0,0.707,1.414,0.707
spard,1,2,0.577,0.577,1.732,0.577,1.155
spard,1,3,0.0,0.0,0.0,0.0,0.0
spard,5,2,1.732,2.887,2.887,1.732,0.577
spard,5,3,0.0,0.0,0.0,0.0,0.0
spard,6,2,0.0,2.121,0.0,0.0,0.707
spard,9,2,0.707,0.707,0.707,0.707,0.0
spard,7,2,0.707,0.0,0.0,1.414,0.0
spard,8,2,0.577,1.0,0.577,1.0,0.577
spard,8,3,0.0,0.0,0.0,0.0,0.0
spard,10,2,0.707,1.414,0.0,0.707,0.707
spard,12,2,0.707,0.0,0.0,0.707,0.707
spard,11,2,0.577,0.577,1.0,0.0,1.0
spard,11,3,0.577,0.0,0.577,0.0,0.577
spard,13,2,0.0,0.577,1.0,0.577,1.155
spard,13,3,0.0,0.577,0.577,1.155,0.577
spard,14,2,0.0,0.0,0.0,0.0,0.707
spard,16,2,0.0,0.707,0.707,0.0,0.0
spard,15,2,0.707,2.121,1.414,0.707,0.0
spard,15,3,0.707,0.707,0.707,0.0,0.0
spard,18,2,0.577,0.0,0.577,0.577,1.0
spard,17,2,0.707,0.707,0.707,1.414,0.707
spard,19,2,0.0,0.0,0.707,0.707,1.414
spard,21,2,0.577,0.577,0.577,0.577,0.577
spard,20,2,1.155,2.309,2.309,0.0,0.0
spard,20,3,1.155,2.309,2.082,0.0,0.0
spard,24,2,0.0,0.707,0.707,0.0,0.0
spard,22,2,0.577,2.082,1.0,0.577,0.0
spard,22,3,0.577,2.082,1.0,0.577,0.0
spard,23,2,0.577,1.155,1.0,1.732,1.528
spard,23,3,0.0,0.577,0.577,1.155,1.528
spard,25,2,1.155,0.0,0.577,1.0,0.577
spard,25,3,0.577,0.0,0.0,1.0,0.0
spard,26,2,0.577,1.528,0.577,1.0,1.155
spard,26,3,0.0,0.707,0.707,0.707,0.0
spard,28,2,0.0,0.0,0.0,0.0,0.0
spard,27,2,0.577,2.082,1.0,1.0,1.528
spard,27,3,0.0,0.0,0.0,0.0,0.707
spard,29,2,0.0,0.0,0.0,0.0,0.0
spard,30,2,0.0,0.0,0.0,0.0,0.707
spard,31,2,0.0,0.577,0.0,0.0,0.577
spard,32,2,0.0,0.707,0.707,0.0,0.0
spard,33,2,0.0,0.707,0.0,0.0,0.0
spard,36,2,0.0,0.0,0.577,0.0,0.0
spard,34,2,1.155,1.155,1.528,0.577,0.577
spard,34,3,0.0,0.0,0.0,0.0,0.0
spard,38,2,1.0,0.577,0.577,0.0,0.0
spard,35,2,1.155,1.0,0.577,1.528,0.577
spard,35,3,0.577,0.577,0.577,1.0,0.0
spard,39,2,0.707,0.707,0.707,0.707,0.0
spard,37,2,1.528,1.528,1.528,1.528,1.0
spard,37,3,0.0,0.0,1.414,0.707,0.707
spard,40,2,0.0,0.0,0.0,0.707,0.707
spard,43,2,0.577,0.577,0.577,0.577,0.577
spard,44,2,0.577,0.577,0.577,0.577,0.577
spard,42,2,0.577,0.0,1.0,1.0,1.155
spard,42,3,0.0,0.0,0.707,0.707,1.414
spard,41,2,1.732,1.155,1.732,1.155,0.577
spard,41,3,0.0,0.0,0.0,0.0,0.0
spard,46,2,0.707,0.0,0.0,0.707,0.0
spard,45,2,0.577,0.577,1.155,1.155,1.155
spard,45,3,0.0,0.0,0.707,1.414,1.414
spard,47,2,1.732,1.528,0.577,2.082,1.528
spard,47,3,0.0,1.414,0.707,0.707,0.707
spard,49,2,0.707,1.414,0.707,2.121,0.0
spard,49,3,0.0,1.414,0.707,1.414,0.0
spard,48,2,1.0,0.0,1.0,1.0,1.0
spard,48,3,0.0,0.0,0.0,0.0,0.0
spard,51,2,0.0,0.0,0.0,0.707,0.0
spard,50,2,1.0,0.577,0.577,1.0,2.887
spard,50,3,1.0,0.0,0.577,0.577,2.887
spard,53,2,1.155,0.0,0.577,0.577,0.577
spard,52,2,0.0,0.707,0.707,0.0,0.707
spard,54,2,0.0,0.0,0.707,0.0,0.0
spard,55,2,0.0,0.0,0.0,0.0,0.0
spard,57,2,0.0,0.0,0.707,0.707,0.0
spard,56,2,0.0,0.707,0.0,0.0,0.0
spard,58,2,0.707,0.707,1.414,1.414,0.707
spard,58,3,0.707,0.0,0.707,0.707,0.707
spard,59,2,0.0,0.707,0.0,0.0,0.0
spard,60,2,0.0,0.707,0.0,0.0,0.0
spard,61,2,0.0,0.0,0.0,0.0,0.0
spard,62,2,0.0,0.707,0.707,0.0,0.0
spard,64,2,0.0,0.577,1.528,0.577,0.577
spard,63,2,0.577,0.577,0.0,0.0,0.577
spard,65,2,0.577,1.528,0.577,0.0,0.577
spard,67,2,0.0,0.707,0.0,0.0,0.0
spard,66,2,1.0,1.0,1.528,1.155,1.0
spard,66,3,0.0,0.0,0.0,0.0,0.0
spard,68,2,0.707,0.707,0.707,1.414,0.707
spard,70,2,0.707,0.0,0.0,1.414,0.0
spard,69,2,1.414,1.414,0.707,2.121,2.121
spard,69,3,0.707,1.414,0.707,0.707,0.707
spard,71,2,0.707,0.707,0.707,0.707,0.0
spard,74,2,0.577,0.577,1.0,0.577,0.0
spard,72,2,0.0,0.0,0.707,0.0,0.707
spard,75,2,0.577,0.577,0.577,0.577,1.155
spard,76,2,0.0,0.0,0.0,0.707,0.0
spard,73,2,0.577,1.155,1.155,1.0,0.577
spard,73,3,0.0,0.0,0.0,0.707,0.707
spard,78,2,0.0,0.0,0.0,0.0,0.0
spard,79,2,1.0,0.577,0.0,0.577,0.577
spard,77,2,1.155,1.155,1.155,1.732,0.577
spard,77,3,1.0,1.0,1.0,1.528,0.577
spard,81,2,0.577,0.577,0.577,0.577,0.577
spard,80,2,0.707,0.0,0.0,0.707,0.0
spard,82,2,0.0,0.577,0.577,0.0,0.0
spard,83,2,0.0,0.0,0.707,0.707,0.0
spard,85,2,0.0,0.0,0.577,0.0,0.0
spard,88,2,0.577,0.577,1.155,0.0,0.0
spard,84,2,0.577,1.0,1.528,0.577,1.528
spard,84,3,0.0,1.414,0.707,0.707,0.707
spard,89,2,0.577,0.577,0.0,0.577,1.155
spard,86,2,1.528,1.0,0.577,1.155,1.528
spard,86,3,0.0,0.0,0.0,0.0,0.0
spard,87,2,0.0,1.155,1.732,0.0,0.0
spard,87,3,0.0,0.0,0.0,0.0,0.0
spard,90,2,0.577,0.577,0.577,0.577,1.0
spard,91,2,0.0,0.0,0.0,0.707,0.0
spard,92,2,0.707,0.0,0.0,0.707,0.0
spard,93,2,0.707,0.707,0.707,0.707,0.0
spard,94,2,0.0,0.0,0.0,0.0,0.0
spard,95,2,0.0,0.707,0.0,0.0,0.0
spard,98,2,0.707,0.707,0.707,0.707,0.0
spard,96,2,2.082,0.0,0.577,1.528,0.577
spard,96,3,2.082,0.0,0.0,1.528,0.577
spard,99,2,0.0,0.0,0.707,0.0,0.707
trellis,0,2,0.0,0.0,0.707,0.707,0.707
spard,97,2,1.0,1.155,1.528,1.155,1.528
spard,97,3,0.707,1.414,2.121,2.121,1.414
trellis,1,2,0.0,0.0,0.0,0.0,0.0
trellis,3,2,1.0,0.577,0.0,0.577,0.577
trellis,2,2,0.0,0.0,0.707,0.707,0.0
trellis,5,2,0.0,0.707,0.0,0.0,0.707
trellis,4,2,1.732,0.577,1.0,1.528,0.577
trellis,4,3,1.732,0.577,0.577,1.528,0.577
trellis,8,2,0.577,0.577,0.577,0.577,0.577
trellis,6,2,0.707,0.707,0.0,1.414,0.707
trellis,7,2,0.577,0.577,4.041,1.155,0.577
trellis,7,3,0.577,0.0,4.041,1.155,0.577
trellis,9,2,0.577,0.577,0.577,0.0,0.0
trellis,11,2,1.155,0.577,0.577,0.577,0.0
trellis,10,2,0.707,0.707,0.707,0.707,0.0
trellis,13,2,0.707,0.707,1.414,0.707,0.0
trellis,14,2,0.707,0.707,0.707,0.707,0.707
trellis,12,2,1.155,1.0,0.577,0.577,0.0
trellis,12,3,0.577,0.577,0.0,0.0,0.0
trellis,15,2,1.155,2.309,0.577,1.0,0.577
trellis,15,3,1.155,2.309,0.577,1.0,0.577
trellis,17,2,0.577,0.0,0.0,0.0,0.0
trellis,18,2,0.0,0.0,0.707,0.0,0.0
trellis,16,2,0.0,0.707,1.414,0.0,1.414
trellis,16,3,0.0,0.0,0.707,0.0,0.707
trellis,19,2,1.0,2.517,2.646,1.0,1.155
trellis,19,3,0.0,0.0,0.707,0.0,0.0
trellis,20,2,0.0,0.707,0.0,0.0,0.0
trellis,23,2,0.707,0.707,0.707,1.414,0.707
trellis,21,2,0.707,0.0,0.0,0.707,1.414
trellis,22,2,0.0,0.0,0.577,0.0,0.577
trellis,25,2,0.0,0.0,0.707,0.707,0.0
trellis,28,2,0.0,0.0,0.0,0.0,0.707
trellis,24,2,1.0,1.528,0.577,0.577,0.577
trellis,24,3,0.0,1.414,0.707,0.707,0.707
trellis,26,2,0.577,1.155,1.155,0.0,0.577
trellis,26,3,0.577,1.155,1.155,0.0,0.577
trellis,27,2,1.0,2.309,0.0,0.577,1.155
trellis,27,3,0.0,0.0,0.0,0.0,0.0
trellis,29,2,0.0,0.577,0.577,0.0,0.0
trellis,30,2,0.0,0.707,0.0,0.707,1.414
trellis,31,2,0.0,0.707,0.707,0.0,0.707
trellis,33,2,0.577,1.0,0.577,0.0,0.0
trellis,32,2,0.0,0.0,0.0,0.707,0.0
trellis,34,2,0.0,0.0,0.707,1.414,1.414
trellis,34,3,0.0,0.0,0.707,0.707,1.414
trellis,35,2,0.0,0.0,0.0,0.0,0.0
trellis,37,2,0.707,0.707,0.707,0.0,1.414
trellis,36,2,1.155,1.155,1.732,1.155,0.0
trellis,36,3,0.0,0.0,0.0,0.0,0.0
trellis,39,2,0.0,0.0,0.707,0.0,0.0
trellis,38,2,1.528,0.577,0.577,1.0,0.0
trellis,38,3,1.528,0.577,0.577,1.0,0.0
trellis,40,2,0.707,0.707,0.0,0.0,0.707
trellis,44,2,0.0,0.577,0.0,0.577,0.0
trellis,42,2,0.577,0.577,0.0,1.0,0.577
trellis,43,2,0.0,0.707,0.707,0.0,0.0
trellis,41,2,2.309,2.646,0.577,0.577,0.577
trellis,41,3,0.0,0.0,0.707,0.0,0.0
trellis,46,2,0.0,0.0,0.707,0.707,0.707
trellis,47,2,0.707,1.414,0.0,0.0,0.0
trellis,48,2,0.0,0.0,0.707,0.0,0.707
trellis,45,2,1.0,0.577,1.0,1.155,0.577
trellis,45,3,0.0,0.0,0.0,0.0,0.0
trellis,49,2,0.0,0.0,0.707,0.0,0.0
trellis,50,2,0.0,0.577,0.0,0.0,0.0
trellis,53,2,0.0,0.577,0.0,0.577,0.0
trellis,54,2,0.0,0.577,0.577,0.0,0.0
trellis,51,2,0.0,0.0,0.0,0.0,0.0
trellis,52,2,0.577,0.577,0.0,1.732,1.0
trellis,52,3,0.577,0.0,0.0,1.732,0.577
trellis,55,2,1.528,2.082,2.309,1.0,1.732
trellis,55,3,0.0,0.0,0.0,0.0,0.0
trellis,56,2,1.155,2.309,2.309,1.732,0.577
trellis,56,3,0.0,0.0,0.0,0.0,0.0
trellis,58,2,0.577,1.0,1.0,1.0,0.577
trellis,58,3,0.0,0.707,0.0,0.707,0.0
trellis,57,2,0.577,1.0,1.0,0.577,1.0
trellis,57,3,0.0,0.0,0.0,0.0,0.0
trellis,59,2,1.528,2.082,0.577,1.0,0.577
trellis,59,3,1.155,1.732,0.0,0.577,0.0
trellis,60,2,0.0,0.0,0.0,0.707,0.0
trellis,62,2,0.577,0.0,0.577,0.0,1.0
trellis,61,2,0.0,0.0,0.0,0.0,0.0
trellis,65,2,0.707,0.707,0.707,0.707,1.414
trellis,63,2,1.0,0.0,0.577,0.577,1.0
trellis,63,3,0.0,0.0,0.0,0.0,0.0
trellis,64,2,0.577,1.0,1.155,1.0,1.528
trellis,64,3,0.0,0.707,0.0,0.707,0.707
trellis,66,2,0.707,0.707,0.707,1.414,0.707
trellis,67,2,0.0,0.0,0.0,0.707,0.0
trellis,68,2,1.732,1.155,0.0,1.155,1.0
trellis,68,3,1.732,1.155,0.0,1.155,1.0
trellis,70,2,0.577,0.0,0.577,0.577,0.0
trellis,71,2,0.577,1.528,0.0,0.0,0.0
trellis,69,2,0.707,1.414,0.0,0.707,1.414
trellis,69,3,0.707,1.414,0.0,0.707,1.414
trellis,72,2,2.082,0.0,0.577,1.155,1.155
trellis,72,3,0.0,0.0,0.0,0.0,0.0
trellis,73,2,0.577,0.0,0.0,0.577,0.0
trellis,75,2,0.707,0.707,0.707,0.707,1.414
trellis,76,2,0.0,0.0,0.0,0.0,0.707
trellis,74,2,1.414,1.414,0.0,0.707,0.0
trellis,74,3,0.707,0.707,0.0,0.0,0.0
trellis,77,2,0.0,0.0,0.0,0.707,0.0
trellis,78,2,0.0,0.0,0.0,0.0,0.0
trellis,81,2,0.0,0.707,0.0,0.0,0.0
trellis,79,2,1.528,1.0,1.0,1.0,0.577
trellis,79,3,0.0,0.707,0.707,0.0,0.0
trellis,80,2,1.528,1.528,0.577,1.155,0.577
trellis,80,3,1.155,1.155,0.577,0.0,0.577
trellis,83,2,0.707,1.414,0.707,1.414,0.707
trellis,83,3,0.707,1.414,0.707,1.414,0.707
trellis,82,2,0.577,0.577,1.155,1.0,0.577
trellis,82,3,0.0,0.0,0.0,0.0,0.0
trellis,85,2,0.0,4.041,0.0,0.577,0.577
trellis,84,2,1.0,1.528,1.0,1.0,1.0
trellis,84,3,0.0,0.707,0.0,0.0,0.707
trellis,86,2,0.577,0.577,0.0,0.0,0.0
trellis,88,2,0.0,0.577,1.155,0.0,0.577
trellis,89,2,0.577,0.0,0.0,0.577,0.577
trellis,91,2,0.707,0.0,0.0,0.707,0.0
trellis,87,2,0.577,1.0,1.0,1.0,0.577
trellis,87,3,0.0,0.707,0.707,0.707,0.0
trellis,90,2,0.0,0.0,0.0,0.707,0.0
trellis,93,2,0.707,0.707,0.707,0.0,0.707
trellis,92,2,1.528,1.0,0.577,1.528,1.155
trellis,92,3,1.528,1.0,1.155,1.528,1.0
trellis,96,2,0.0,0.707,0.707,0.707,0.0
trellis,95,2,0.577,1.0,1.0,0.0,0.0
trellis,95,3,0.0,0.0,0.0,0.0,0.0
trellis,94,2,1.155,0.0,0.577,1.155,0.0
trellis,94,3,0.577,0.0,0.577,0.577,0.0
trellis,97,2,0.577,0.577,0.577,0.0,0.0
trellis,98,2,0.0,0.707,0.0,1.414,0.707
unique3d,2,2,0.0,0.0,0.0,0.0,0.0
unique3d,1,2,0.0,0.0,0.707,0.0,0.0
trellis,99,2,2.646,2.309,0.577,1.0,1.528
trellis,99,3,2.646,2.309,0.577,1.0,1.528
unique3d,0,2,0.577,0.0,1.732,1.0,1.732
unique3d,0,3,0.0,0.0,1.528,0.577,1.528
unique3d,4,2,0.577,0.577,0.577,0.0,0.577
unique3d,5,2,0.577,1.0,0.577,0.0,0.577
unique3d,3,2,1.0,0.577,1.528,0.577,1.155
unique3d,3,3,0.577,0.0,1.155,0.577,1.155
unique3d,7,2,0.0,0.0,0.0,0.0,0.0
unique3d,9,2,0.577,0.577,0.0,0.0,0.0
unique3d,6,2,1.0,1.0,1.155,0.577,1.155
unique3d,6,3,0.577,0.577,1.0,0.577,1.0
unique3d,8,2,0.0,1.155,1.155,0.0,1.155
unique3d,8,3,0.0,0.577,1.155,0.0,1.155
unique3d,10,2,0.577,0.577,1.528,0.0,0.0
unique3d,11,2,0.577,0.577,1.155,0.0,0.577
unique3d,12,2,0.0,1.528,0.577,0.0,0.577
unique3d,16,2,0.577,0.0,0.0,0.0,0.0
unique3d,14,2,0.577,0.577,0.0,0.577,0.0
unique3d,13,2,0.577,0.577,0.577,0.0,0.577
unique3d,18,2,0.0,0.0,0.0,0.0,0.0
unique3d,15,2,0.577,1.0,1.732,0.577,0.577
unique3d,15,3,0.0,0.707,0.707,0.707,0.0
unique3d,19,2,0.0,0.0,0.707,0.0,0.0
unique3d,20,2,0.577,0.577,0.577,0.577,0.0
unique3d,17,2,0.577,1.732,1.732,0.0,0.577
unique3d,17,3,0.707,1.414,1.414,0.0,0.707
unique3d,21,2,0.577,0.577,1.0,0.0,0.0
unique3d,23,2,0.577,0.577,0.0,0.0,0.0
unique3d,22,2,0.0,0.707,0.707,0.0,0.707
unique3d,24,2,0.577,1.0,0.577,0.577,0.577
unique3d,26,2,0.0,0.0,0.0,0.0,0.0
unique3d,25,2,0.707,0.707,0.707,0.0,0.0
unique3d,27,2,0.577,0.577,0.577,0.0,0.0
unique3d,30,2,0.0,0.0,0.0,0.707,0.0
unique3d,28,2,0.577,1.0,1.0,0.0,0.0
unique3d,28,3,0.577,0.577,0.577,0.0,0.0
unique3d,31,2,0.0,0.577,0.0,0.0,0.0
unique3d,29,2,0.577,1.528,2.517,0.577,0.0
unique3d,29,3,0.707,0.707,0.707,0.0,0.0
unique3d,33,2,0.577,1.155,0.577,0.0,0.0
unique3d,34,2,0.0,0.0,0.0,0.0,0.0
unique3d,32,2,1.0,1.732,1.155,0.577,0.577
unique3d,32,3,0.577,1.528,1.0,0.0,0.577
unique3d,35,2,0.577,0.577,0.0,0.0,0.0
unique3d,36,2,0.0,0.577,1.155,0.0,0.577
unique3d,37,2,0.577,0.577,1.0,0.0,0.577
unique3d,38,2,0.577,0.577,1.155,0.0,0.577
unique3d,40,2,0.0,0.577,0.0,0.0,0.0
unique3d,41,2,0.577,0.577,0.0,0.0,0.577
unique3d,39,2,1.0,0.577,1.528,0.577,0.577
unique3d,39,3,0.577,1.155,1.528,0.0,1.155
unique3d,42,2,0.0,0.577,0.577,0.0,0.577
unique3d,44,2,0.577,0.577,0.0,0.0,0.0
unique3d,43,2,0.707,0.0,0.0,0.0,0.707
unique3d,45,2,0.0,0.0,0.0,0.0,0.0
unique3d,46,2,0.0,0.0,0.0,0.0,0.0
unique3d,48,2,0.0,0.0,0.0,0.0,0.0
unique3d,47,2,0.0,0.0,0.0,0.0,0.0
unique3d,50,2,0.577,0.577,0.0,0.0,0.0
unique3d,51,2,0.0,0.0,0.0,0.0,0.0
unique3d,52,2,0.577,0.577,0.577,0.0,0.0
unique3d,49,2,0.707,1.414,1.414,0.0,0.707
unique3d,49,3,0.707,0.707,0.707,0.0,0.707
unique3d,53,2,0.577,1.0,0.577,0.0,0.0
unique3d,54,2,0.0,1.528,0.577,0.0,0.0
unique3d,55,2,0.577,0.0,0.0,0.0,0.0
unique3d,56,2,0.577,0.577,0.577,0.0,0.0
unique3d,58,2,0.0,0.577,0.0,0.0,0.0
unique3d,57,2,0.577,0.577,0.577,0.0,0.577
unique3d,60,2,0.577,0.0,0.0,0.0,0.0
unique3d,59,2,0.0,0.0,0.707,0.0,0.707
unique3d,63,2,0.0,0.0,0.0,0.0,0.0
unique3d,62,2,0.0,0.0,0.0,0.0,0.0
unique3d,64,2,0.0,0.577,0.577,0.0,0.577
unique3d,61,2,0.707,1.414,0.707,0.0,0.707
unique3d,65,2,0.0,0.707,0.707,0.707,0.0
unique3d,66,2,0.577,0.577,0.0,0.577,0.577
unique3d,68,2,0.577,0.577,0.577,0.0,0.577
unique3d,67,2,0.0,0.707,1.414,0.707,0.0
unique3d,69,2,0.577,1.0,0.577,0.577,0.577
unique3d,70,2,0.577,0.577,0.577,0.0,0.577
unique3d,71,2,0.577,0.577,0.577,0.0,0.0
unique3d,73,2,0.0,0.0,0.0,0.0,0.0
unique3d,74,2,0.0,0.577,0.0,0.0,0.0
unique3d,72,2,0.0,0.0,0.707,1.414,0.707
unique3d,77,2,0.0,0.0,0.0,0.0,0.0
unique3d,76,2,0.577,0.0,0.0,0.0,0.0
unique3d,75,2,0.0,2.082,2.082,0.0,0.577
unique3d,75,3,0.0,1.155,1.155,0.0,0.577
unique3d,78,2,0.0,0.0,0.577,0.577,0.0
unique3d,79,2,0.0,0.577,1.528,0.0,0.577
unique3d,81,2,0.0,0.0,0.0,0.0,0.0
unique3d,80,2,0.0,1.0,0.577,0.0,0.577
unique3d,82,2,0.577,0.577,0.0,0.0,0.0
unique3d,84,2,0.0,0.0,0.0,0.0,0.0
unique3d,83,2,0.0,0.0,0.0,0.0,0.0
unique3d,85,2,0.707,0.0,0.0,0.0,0.0
unique3d,88,2,0.0,0.0,0.0,0.0,0.0
unique3d,86,2,0.707,0.707,0.0,0.0,0.0
unique3d,89,2,0.0,1.0,0.577,0.0,0.0
unique3d,87,2,1.414,0.707,0.707,1.414,0.707
unique3d,87,3,0.0,0.707,0.0,0.0,0.0
unique3d,91,2,0.707,0.707,0.0,0.0,0.0
unique3d,92,2,0.0,0.0,0.0,0.0,0.0
unique3d,90,2,1.414,1.414,0.707,0.0,0.0
unique3d,90,3,0.707,0.707,0.707,0.0,0.0
unique3d,93,2,0.0,0.0,0.0,0.0,0.0
unique3d,94,2,0.577,1.0,0.0,0.0,0.0
unique3d,95,2,1.0,0.577,0.577,0.0,0.0
unique3d,97,2,0.0,0.0,0.0,0.0,0.0
unique3d,99,2,0.0,0.0,0.0,0.0,0.0
unique3d,98,2,0.707,0.707,0.707,0.0,0.0
unique3d,96,2,0.577,1.155,1.0,0.0,0.577
unique3d,96,3,0.707,0.707,0.707,0.0,0.0
triposr,0,2,0.577,1.0,0.577,0.577,0.577
triposr,1,2,0.0,0.0,0.707,0.0,0.707
triposr,2,2,0.577,1.0,0.577,0.0,0.577
triposr,4,2,0.707,0.707,0.707,1.414,0.707
triposr,5,2,0.707,0.0,0.707,0.0,0.0
triposr,3,2,2.082,1.155,0.577,1.0,2.082
triposr,3,3,1.732,0.577,0.577,0.577,1.732
triposr,6,2,0.577,0.0,0.0,0.0,0.0
triposr,7,2,0.0,0.0,0.0,0.0,0.0
triposr,8,2,0.707,0.707,0.707,0.707,0.707
triposr,9,2,0.0,0.0,0.0,0.0,0.0
triposr,10,2,0.0,0.0,0.577,0.577,0.577
triposr,11,2,0.0,0.0,0.0,0.0,0.0
triposr,12,2,0.707,0.707,0.0,0.707,2.121
triposr,13,2,0.0,0.0,0.0,0.0,0.0
triposr,14,2,0.0,0.0,0.707,0.0,0.0
triposr,16,2,0.707,0.707,0.707,0.0,0.0
triposr,17,2,0.0,0.707,0.707,0.0,0.707
triposr,15,2,1.155,0.0,1.155,1.732,0.0
triposr,15,3,1.155,0.0,1.155,1.732,0.0
triposr,20,2,0.0,0.577,1.0,0.0,0.577
triposr,18,2,1.414,1.414,1.414,1.414,1.414
triposr,18,3,1.414,1.414,1.414,1.414,0.707
triposr,21,2,0.0,0.0,0.0,0.0,0.0
triposr,19,2,1.414,0.707,0.707,0.707,2.121
triposr,19,3,0.707,0.707,0.0,0.707,1.414
triposr,22,2,0.0,0.0,0.0,0.0,0.0
triposr,24,2,0.0,0.0,0.0,0.0,0.0
triposr,23,2,1.155,1.732,1.732,1.155,0.577
triposr,23,3,1.414,1.414,1.414,0.707,0.707
triposr,25,2,0.0,0.0,0.707,1.414,0.0
triposr,26,2,0.707,0.0,0.0,0.0,0.707
triposr,28,2,0.0,0.0,0.707,0.0,0.0
triposr,27,2,1.0,0.577,2.309,1.0,1.528
triposr,27,3,0.577,0.577,2.082,0.577,0.577
triposr,31,2,0.707,0.0,0.707,0.0,0.707
triposr,29,2,1.155,1.528,0.577,1.0,0.577
triposr,29,3,1.155,1.155,1.155,1.0,0.577
triposr,30,2,0.577,1.528,2.0,1.0,1.155
triposr,30,3,0.0,0.0,0.0,0.0,0.0
triposr,33,2,0.0,0.0,0.0,0.707,0.0
triposr,32,2,0.707,0.707,0.707,0.0,0.0
triposr,34,2,0.0,0.0,0.0,0.707,0.0
triposr,35,2,0.577,0.577,0.0,0.577,0.0
triposr,36,2,1.155,0.0,0.0,0.0,0.0
triposr,39,2,0.0,0.577,1.528,0.0,0.577
triposr,38,2,1.155,0.577,0.0,1.155,0.577
triposr,38,3,0.0,0.0,0.0,0.0,0.707
triposr,37,2,1.155,2.309,1.528,0.577,0.577
triposr,37,3,1.155,1.732,1.155,0.0,0.577
triposr,40,2,0.0,0.707,0.707,0.0,0.707
triposr,41,2,0.0,0.0,0.0,0.707,0.0
triposr,42,2,0.0,0.0,0.0,0.707,0.707
triposr,45,2,0.0,0.0,0.0,0.0,0.0
triposr,46,2,0.0,0.0,0.0,0.0,0.0
triposr,43,2,1.732,1.0,0.577,1.528,1.155
triposr,43,3,1.732,0.577,0.577,1.155,0.0
triposr,44,2,1.155,1.155,0.577,0.577,0.577
triposr,44,3,0.0,0.0,0.707,0.0,0.0
triposr,47,2,0.0,0.0,0.0,0.0,0.0
triposr,50,2,0.707,0.707,0.707,2.121,0.707
triposr,48,2,1.0,0.577,1.155,1.155,1.732
triposr,48,3,0.707,0.707,0.0,0.0,0.707
triposr,49,2,1.528,2.082,1.155,1.0,1.155
triposr,49,3,1.155,2.082,0.577,1.0,1.155
triposr,52,2,0.577,1.0,0.577,1.155,0.0
triposr,52,3,0.0,0.577,0.577,1.155,0.0
triposr,53,2,0.0,0.707,0.0,0.707,0.707
triposr,54,2,0.577,0.577,0.577,0.0,1.155
triposr,55,2,0.0,0.707,0.707,0.0,0.707
triposr,56,2,0.0,0.0,0.0,0.707,0.707
triposr,58,2,0.577,0.577,1.0,0.0,0.0
triposr,51,2,0.0,0.0,0.0,0.0,0.0
triposr,59,2,0.707,0.707,0.707,1.414,0.707
triposr,57,2,0.577,1.528,1.155,0.577,0.577
triposr,57,3,0.0,1.0,0.577,0.577,0.0
triposr,63,2,0.0,0.707,0.707,0.0,0.0
triposr,60,2,0.0,1.0,1.155,0.577,1.155
triposr,60,3,0.0,0.0,0.0,0.0,0.0
triposr,62,2,0.577,0.577,1.732,0.0,0.0
triposr,64,2,0.707,0.0,0.0,0.707,0.707
triposr,61,2,1.155,2.309,2.887,0.577,1.0
triposr,61,3,0.0,0.0,0.0,0.0,0.707
triposr,66,2,0.707,0.707,0.707,0.0,0.0
triposr,65,2,0.707,0.0,0.0,0.707,0.0
triposr,68,2,0.0,0.707,0.707,0.0,0.0
triposr,67,2,1.414,1.414,2.121,1.414,1.414
triposr,67,3,1.414,1.414,1.414,1.414,1.414
triposr,70,2,0.707,0.707,1.414,0.707,0.0
triposr,72,2,0.0,0.707,0.707,0.707,0.0
triposr,71,2,0.0,0.0,0.707,0.0,0.0
triposr,69,2,0.0,1.0,1.155,0.0,0.577
triposr,69,3,0.0,0.0,0.0,0.0,0.0
triposr,73,2,0.577,0.0,0.577,0.577,0.0
triposr,78,2,0.577,0.577,0.577,0.577,0.0
triposr,77,2,0.0,1.414,0.707,0.0,0.0
triposr,76,2,1.0,0.0,0.577,1.0,0.577
triposr,76,3,0.0,0.0,0.0,0.707,0.0
triposr,75,2,0.577,0.577,0.0,1.155,1.155
triposr,75,3,0.0,0.707,0.0,0.0,0.0
triposr,74,2,1.155,0.577,1.155,0.0,0.577
triposr,74,3,2.121,3.536,2.121,0.0,0.707
triposr,79,2,0.0,0.0,0.0,0.0,0.0
triposr,80,2,0.0,0.0,0.0,0.0,0.0
triposr,81,2,0.0,0.577,0.0,0.0,0.0
triposr,82,2,0.0,0.577,1.0,0.0,0.577
triposr,83,2,0.0,0.0,0.707,0.707,0.0
triposr,84,2,0.577,0.577,0.577,0.0,0.0
triposr,87,2,0.0,1.0,0.0,0.577,0.577
triposr,85,2,0.577,0.0,1.0,0.577,0.0
triposr,86,2,0.577,0.577,0.577,0.577,0.577
triposr,89,2,0.707,0.707,1.414,0.0,0.707
triposr,88,2,1.414,1.414,0.707,1.414,0.0
triposr,88,3,0.707,0.707,0.707,0.707,0.0
triposr,91,2,0.0,0.0,0.0,0.0,0.0
triposr,90,2,0.0,0.0,0.0,0.0,0.707
triposr,92,2,0.0,0.0,0.0,0.0,0.0
triposr,93,2,1.155,2.082,2.309,1.0,1.155
triposr,93,3,1.0,1.732,2.309,0.577,1.155
triposr,95,2,0.577,0.577,0.577,0.0,0.577
triposr,96,2,0.0,0.707,0.707,0.0,0.0
triposr,97,2,0.0,0.0,0.0,0.0,0.0
triposr,94,2,0.577,0.0,0.577,1.0,1.155
triposr,94,3,0.0,0.0,0.0,0.707,0.0
hunyuan,0,2,0.577,0.0,0.0,0.0,1.0
triposr,98,2,0.707,0.707,1.414,1.414,0.0
triposr,98,3,0.707,0.707,0.707,1.414,0.0
triposr,99,2,0.0,0.707,0.707,0.0,0.0
hunyuan,1,2,0.707,0.707,0.707,1.414,0.707
hunyuan,2,2,0.577,1.0,0.577,0.577,0.0
hunyuan,5,2,0.0,0.0,0.0,0.0,0.0
hunyuan,4,2,0.707,0.707,0.707,0.707,0.0
hunyuan,3,2,0.577,0.0,0.0,1.732,2.887
hunyuan,3,3,0.0,0.0,0.0,1.732,2.646
hunyuan,6,2,2.082,0.577,0.0,1.528,2.309
hunyuan,6,3,2.082,0.0,0.0,1.528,2.309
hunyuan,7,2,0.0,0.0,0.0,2.121,0.0
hunyuan,9,2,0.707,0.0,0.707,0.0,0.0
hunyuan,8,2,1.0,0.577,0.577,1.732,1.155
hunyuan,8,3,0.0,0.0,0.577,0.577,0.577
hunyuan,10,2,0.0,0.0,0.707,0.0,0.0
hunyuan,12,2,0.577,0.0,0.577,0.0,1.155
hunyuan,15,2,0.0,0.0,0.577,0.577,1.155
hunyuan,11,2,2.082,3.215,0.577,1.732,0.577
hunyuan,11,3,0.0,0.0,0.707,0.0,0.707
hunyuan,13,2,0.0,0.707,0.0,0.0,0.0
hunyuan,14,2,0.707,0.0,0.0,0.707,0.0
hunyuan,16,2,0.577,1.732,0.0,0.577,0.577
hunyuan,19,2,0.0,0.0,0.707,0.0,0.0
hunyuan,17,2,1.0,0.0,0.0,1.0,0.0
hunyuan,17,3,1.0,0.0,0.0,1.0,0.0
hunyuan,21,2,2.309,1.0,0.577,1.155,1.0
hunyuan,21,3,2.309,1.0,0.0,1.155,1.0
hunyuan,18,2,0.577,2.309,3.464,0.0,2.309
hunyuan,18,3,0.0,0.0,0.0,0.0,0.0
hunyuan,20,2,1.528,0.0,0.577,1.155,0.577
hunyuan,20,3,0.0,0.0,0.0,0.0,0.0
hunyuan,24,2,0.707,0.707,0.707,0.707,0.0
hunyuan,22,2,1.0,0.577,1.155,0.577,0.0
hunyuan,22,3,0.0,0.0,0.0,0.0,0.0
hunyuan,25,2,0.0,0.0,0.707,0.707,0.707
hunyuan,26,2,0.0,0.0,0.0,0.0,0.0
hunyuan,23,2,1.0,2.887,2.887,1.528,2.082
hunyuan,23,3,0.707,0.707,0.707,0.707,0.707
hunyuan,29,2,0.707,0.707,0.707,0.707,1.414
hunyuan,27,2,0.707,0.707,0.0,1.414,0.0
hunyuan,30,2,0.707,1.414,0.707,0.707,0.0
hunyuan,31,2,0.577,1.0,0.577,0.577,0.577
hunyuan,28,2,1.528,0.577,1.0,1.155,1.155
hunyuan,28,3,1.155,0.0,0.577,0.0,0.577
hunyuan,32,2,0.707,0.707,0.707,0.707,0.0
hunyuan,34,2,0.0,0.707,0.707,0.0,0.0
hunyuan,33,2,0.707,0.707,0.707,0.707,0.0
hunyuan,36,2,0.707,0.0,1.414,0.707,0.0
hunyuan,35,2,0.577,1.732,1.732,0.0,0.0
hunyuan,35,3,0.0,0.0,0.0,0.0,0.0
hunyuan,37,2,0.0,1.414,0.707,0.0,0.707
hunyuan,38,2,0.0,0.0,0.0,0.0,0.0
hunyuan,40,2,0.0,0.577,0.577,0.577,0.0
hunyuan,39,2,0.707,0.707,0.707,0.0,0.0
hunyuan,43,2,0.577,0.577,0.577,0.577,0.577
hunyuan,44,2,0.577,0.577,0.577,1.0,0.577
hunyuan,45,2,0.707,0.707,0.707,0.0,0.707
hunyuan,41,2,1.528,1.528,1.732,2.0,1.732
hunyuan,41,3,1.528,1.528,2.309,1.528,1.732
hunyuan,42,2,0.577,1.732,1.155,0.577,1.155
hunyuan,42,3,0.577,1.732,1.155,0.577,1.155
hunyuan,46,2,0.0,1.414,0.707,0.707,1.414
hunyuan,46,3,0.0,1.414,0.707,0.707,1.414
hunyuan,48,2,0.0,0.0,0.0,0.0,0.0
hunyuan,47,2,0.0,0.707,1.414,0.707,1.414
hunyuan,47,3,0.0,0.707,0.707,0.707,1.414
hunyuan,50,2,0.707,0.0,0.0,0.707,0.0
hunyuan,49,2,1.0,0.577,0.577,1.0,0.0
hunyuan,49,3,0.707,0.0,0.0,0.707,0.0
hunyuan,51,2,0.577,0.0,0.0,0.0,0.0
hunyuan,52,2,0.577,0.577,0.0,0.577,0.577
hunyuan,54,2,0.0,0.0,0.0,0.0,0.0
hunyuan,55,2,0.0,0.707,0.707,0.707,0.707
hunyuan,53,2,0.577,0.577,0.0,0.577,0.0
hunyuan,57,2,0.707,0.0,0.707,0.707,0.0
hunyuan,58,2,0.0,0.707,1.414,0.0,0.707
hunyuan,56,2,1.732,2.646,2.887,1.528,2.309
hunyuan,56,3,0.0,0.0,0.0,0.707,0.0
hunyuan,59,2,1.0,1.0,0.577,1.0,0.577
hunyuan,59,3,0.577,0.0,0.0,0.0,0.0
hunyuan,60,2,1.0,0.577,1.0,0.0,0.577
hunyuan,60,3,0.0,0.0,0.0,0.0,0.0
hunyuan,62,2,1.0,0.577,0.577,1.528,2.309
hunyuan,62,3,1.0,0.0,0.577,1.528,2.309
hunyuan,63,2,0.577,1.0,0.577,0.0,0.577
hunyuan,61,2,1.732,1.732,2.082,1.732,1.732
hunyuan,61,3,0.0,0.0,0.707,0.0,0.0
hunyuan,64,2,0.707,1.414,0.707,0.0,0.0
hunyuan,65,2,0.0,0.0,0.0,0.577,0.577
hunyuan,66,2,0.577,0.0,0.577,1.155,0.0
hunyuan,67,2,0.707,0.707,0.0,1.414,0.707
hunyuan,68,2,0.707,0.707,0.707,0.707,0.0
hunyuan,69,2,0.577,3.215,3.215,1.0,2.082
hunyuan,69,3,0.707,0.707,0.707,0.707,2.121
hunyuan,71,2,0.707,1.414,0.707,0.707,2.121
hunyuan,71,3,0.707,0.707,0.707,0.707,2.121
hunyuan,70,2,1.155,1.732,0.577,0.577,1.155
hunyuan,70,3,0.0,0.0,0.0,0.0,0.0
hunyuan,72,2,1.155,0.577,1.155,1.155,0.577
hunyuan,72,3,0.0,0.0,0.0,0.0,0.0
hunyuan,74,2,0.0,0.707,1.414,0.0,0.0
hunyuan,73,2,1.528,1.155,2.082,2.517,2.082
hunyuan,73,3,0.0,0.0,0.707,0.707,0.0
hunyuan,75,2,0.707,0.0,0.0,0.707,0.0
hunyuan,77,2,0.577,0.577,0.0,0.577,0.0
hunyuan,76,2,0.707,0.707,1.414,1.414,0.707
hunyuan,76,3,0.707,0.707,0.707,0.707,0.707
hunyuan,79,2,1.528,1.155,0.577,1.528,1.0
hunyuan,79,3,1.528,0.577,0.0,1.0,0.577
hunyuan,78,2,1.0,1.0,0.577,1.0,1.732
hunyuan,78,3,0.0,0.0,0.0,0.707,0.0
hunyuan,81,2,0.0,0.0,0.577,0.577,0.0
hunyuan,82,2,1.155,0.577,0.577,0.577,0.0
hunyuan,80,2,1.528,2.309,2.309,1.155,1.0
hunyuan,80,3,0.0,0.0,0.707,1.414,0.707
hunyuan,83,2,0.0,0.577,0.577,0.577,0.577
hunyuan,85,2,0.577,3.464,0.577,0.0,0.0
hunyuan,87,2,0.707,0.707,0.707,0.707,0.0
hunyuan,84,2,1.0,1.155,1.155,1.0,0.577
hunyuan,84,3,0.0,0.0,0.0,0.707,0.0
hunyuan,88,2,0.0,0.0,0.0,0.577,0.577
hunyuan,86,2,0.577,1.732,1.732,0.577,1.155
hunyuan,86,3,0.577,1.732,1.732,0.577,1.155
hunyuan,90,2,0.0,0.0,0.0,0.0,0.707
hunyuan,91,2,0.0,0.0,0.0,0.0,0.0
hunyuan,92,2,0.0,0.0,0.0,0.707,0.0
hunyuan,93,2,0.0,0.0,0.0,0.0,0.0
hunyuan,89,2,0.577,0.577,1.155,1.155,0.577
hunyuan,89,3,0.0,0.0,0.707,0.0,0.0
hunyuan,95,2,0.707,0.707,0.0,0.707,0.0
hunyuan,94,2,0.577,0.577,0.0,0.0,0.0
hunyuan,96,2,0.0,0.0,0.0,0.0,0.0
hunyuan,97,2,0.0,0.0,0.0,0.0,0.0
hunyuan,98,2,0.0,0.577,0.577,0.577,0.577
hunyuan,99,2,0.707,0.0,0.0,0.0,0.707
