"model","prompt_id","theta_composite","theta_structural","theta_content"
"hunyuan",0,0.178640358127792,0.886855250105357,0.177582030731845
"hunyuan",1,0.731561135294102,1.2505078563044,0.93711362463616
"hunyuan",2,0.113602427895434,0.877057206309161,-0.166567291487439
"hunyuan",3,1.32996026038564,1.55047405589981,1.70195696712579
"hunyuan",4,0.446238314976878,1.01394200905578,0.725770143584101
"hunyuan",5,0.178640358127792,0.886855250105357,0.177582030731845
"hunyuan",6,0.56989905500877,1.18842897030643,0.818592401966692
"hunyuan",7,1.32996026038564,1.55047405589981,1.70195696712579
"hunyuan",8,0.731561135294102,1.2505078563044,0.93711362463616
"hunyuan",9,1.32996026038564,1.55047405589981,1.70195696712579
"hunyuan",10,1.32996026038564,1.55047405589981,1.70195696712579
"hunyuan",11,0.454494909156187,0.310499526862804,1.06013174951976
"hunyuan",12,1.32996026038564,1.55047405589981,1.70195696712579
"hunyuan",13,-0.295867079331602,-0.980161663487329,-0.199894012301461
"hunyuan",14,0.33318385345928,0.309726864903839,0.636030107545238
"hunyuan",15,1.32996026038564,1.55047405589981,1.70195696712579
"hunyuan",16,0.639793797732952,1.17263409323422,0.540646359670511
"hunyuan",17,1.32996026038564,1.55047405589981,1.70195696712579
"hunyuan",18,0.1080051574853,-0.338753329515957,0.413992975479428
"hunyuan",19,1.32996026038564,1.55047405589981,1.70195696712579
"hunyuan",20,0.828742895452668,1.33447561932156,1.36723525345097
"hunyuan",21,1.32996026038564,1.55047405589981,1.70195696712579
"hunyuan",22,-0.232484183717881,0.18296450219345,-0.546018770403735
"hunyuan",23,0.53055523188819,0.356769556392551,0.776668463439452
"hunyuan",24,0.731561135294102,1.2505078563044,0.93711362463616
"hunyuan",25,0.33318385345928,0.309726864903839,0.636030107545238
"hunyuan",26,-0.301828987336528,-0.386090464329029,-0.60020174776235
"hunyuan",27,1.32996026038564,1.55047405589981,1.70195696712579
"hunyuan",28,0.446238314976878,1.01394200905578,0.725770143584101
"hunyuan",29,1.32996026038564,1.55047405589981,1.70195696712579
"hunyuan",30,0.446238314976878,1.01394200905578,0.725770143584101
"hunyuan",31,1.32996026038564,1.55047405589981,1.70195696712579
"hunyuan",32,1.32996026038564,1.55047405589981,1.70195696712579
"hunyuan",33,1.32996026038564,1.55047405589981,1.70195696712579
"hunyuan",34,-0.0283545341060235,-0.340889242486336,-0.00647112981762434
"hunyuan",35,0.454494909156187,0.310499526862804,1.06013174951976
"hunyuan",36,0.0359805538134733,0.243607536172406,0.0394676339453359
"hunyuan",37,1.32996026038564,1.55047405589981,1.70195696712579
"hunyuan",38,0.274831372122916,0.976935580678795,0.267754073205766
"hunyuan",39,0.771054061701093,1.29843344891891,1.30158625350974
"hunyuan",40,1.32996026038564,1.55047405589981,1.70195696712579
"hunyuan",41,0.446238314976878,1.01394200905578,0.725770143584101
"hunyuan",42,-0.0273063528646051,0.245474310365174,-0.294452533154738
"hunyuan",43,1.32996026038564,1.55047405589981,1.70195696712579
"hunyuan",44,1.32996026038564,1.55047405589981,1.70195696712579
"hunyuan",45,-0.674204414661704,-1.79576785663232,-0.313433548794407
"hunyuan",46,-0.0283545341060235,-0.340889242486336,-0.00647112981762434
"hunyuan",47,1.32996026038564,1.55047405589981,1.70195696712579
"hunyuan",48,1.32996026038564,1.55047405589981,1.70195696712579
"hunyuan",49,0.828742895452668,1.33447561932156,1.36723525345097
"hunyuan",50,0.766029926783363,0.367913338617492,1.29503460617885
"hunyuan",51,0.771054061701093,1.29843344891891,1.30158625350974
"hunyuan",52,0.446238314976878,1.01394200905578,0.725770143584101
"hunyuan",53,1.32996026038564,1.55047405589981,1.70195696712579
"hunyuan",54,1.32996026038564,1.55047405589981,1.70195696712579
"hunyuan",55,-0.0685923139538822,-0.390321612507889,0.29670413455152
"hunyuan",56,0.27700267789985,-0.305902763222266,0.578315011060913
"hunyuan",57,0.179052840912446,0.252123126365017,0.474608149430969
"hunyuan",58,0.26634953181346,0.302244478867066,0.552738984442995
"hunyuan",59,1.32996026038564,1.55047405589981,1.70195696712579
"hunyuan",60,1.32996026038564,1.55047405589981,1.70195696712579
"hunyuan",61,0.33318385345928,0.309726864903839,0.636030107545238
"hunyuan",62,1.32996026038564,1.55047405589981,1.70195696712579
"hunyuan",63,-0.476867036898593,-0.451365480945356,-0.46287856568806
"hunyuan",64,-0.835639310914629,0.722681815476919,-1.34188840567357
"hunyuan",65,0.828742895452668,1.33447561932156,1.36723525345097
"hunyuan",66,0.178640358127792,0.886855250105357,0.177582030731845
"hunyuan",67,0.731561135294102,1.2505078563044,0.93711362463616
"hunyuan",68,1.32996026038564,1.55047405589981,1.70195696712579
"hunyuan",69,1.32996026038564,1.55047405589981,1.70195696712579
"hunyuan",70,1.32996026038564,1.55047405589981,1.70195696712579
"hunyuan",71,0.454494909156187,0.310499526862804,1.06013174951976
"hunyuan",72,0.771054061701093,1.29843344891891,1.30158625350974
"hunyuan",73,-0.555583937640212,-0.466002629263751,-0.868387456704387
"hunyuan",74,-0.170106763314396,0.173175062674245,-0.416201631089448
"hunyuan",75,0.771054061701093,1.29843344891891,1.30158625350974
"hunyuan",76,1.32996026038564,1.55047405589981,1.70195696712579
"hunyuan",77,-0.393524200247632,-0.990327415754194,-0.332981953046666
"hunyuan",78,0.29160150087727,0.915465990503534,0.585314167878625
"hunyuan",79,0.513621131003197,1.15746316544447,0.751101062436828
"hunyuan",80,0.27700267789985,-0.305902763222266,0.578315011060913
"hunyuan",81,-0.265389106796961,0.765556861864477,-0.4697600701769
"hunyuan",82,-0.854148520495649,-1.20298988828688,-0.605422114811021
"hunyuan",83,0.771054061701093,1.29843344891891,1.30158625350974
"hunyuan",84,-0.286617796093651,-0.984671790941237,0.0528091307155038
"hunyuan",85,0.771054061701093,1.29843344891891,1.30158625350974
"hunyuan",86,-0.555583937640212,-0.466002629263751,-0.868387456704387
"hunyuan",87,0.513621131003197,1.15746316544447,0.751101062436828
"hunyuan",88,-0.714599915352065,-1.04709747528924,-1.34808671925057
"hunyuan",89,-0.0153776608058269,0.236760356379722,-0.0297559241215497
"hunyuan",90,0.587070618342825,0.356347811832288,1.13475017216673
"hunyuan",91,-0.251602173991077,-0.381782571591323,-0.533168263480259
"hunyuan",92,0.0359805538134733,0.243607536172406,0.0394676339453359
"hunyuan",93,0.536080053328667,-0.28843879406561,1.03038722357884
"hunyuan",94,1.32996026038564,1.55047405589981,1.70195696712579
"hunyuan",95,-0.675885760710203,-1.05762181084244,-0.996863372756371
"hunyuan",96,0.536080053328667,-0.28843879406561,1.03038722357884
"hunyuan",97,-0.489031219306673,-1.04926699106431,-0.419641422503329
"hunyuan",98,0.36349575810014,1.07043176802284,0.279655247807908
"hunyuan",99,0.310764715901331,0.972027931987285,0.56513240854034
"spard",0,1.32996026038564,1.55047405589981,1.70195696712579
"spard",1,0.0186566649923373,0.248954788628945,-0.247929479965048
"spard",2,0.291516857028516,0.263245843860838,0.904352394219499
"spard",3,0.731561135294102,1.2505078563044,0.93711362463616
"spard",4,1.32996026038564,1.55047405589981,1.70195696712579
"spard",5,0.33318385345928,0.309726864903839,0.636030107545238
"spard",6,0.274831372122916,0.976935580678795,0.267754073205766
"spard",7,0.322652974152128,-0.32907257426492,0.990564685943338
"spard",8,1.32996026038564,1.55047405589981,1.70195696712579
"spard",9,0.766029926783363,0.367913338617492,1.29503460617885
"spard",10,0.33318385345928,0.309726864903839,0.636030107545238
"spard",11,0.61156030735849,1.06659247118433,1.19428303921687
"spard",12,1.32996026038564,1.55047405589981,1.70195696712579
"spard",13,-0.00715457261594381,-0.907968491268061,0.347909126531682
"spard",14,-0.203919559665761,-0.374925497210223,-0.39993627792774
"spard",15,1.32996026038564,1.55047405589981,1.70195696712579
"spard",16,0.766029926783363,0.367913338617492,1.29503460617885
"spard",17,1.32996026038564,1.55047405589981,1.70195696712579
"spard",18,-0.176259860641893,0.188752397797455,-0.474663531186655
"spard",19,0.587070618342825,0.356347811832288,1.13475017216673
"spard",20,0.0542755112811056,-0.342555253597873,0.343780064334398
"spard",21,0.274831372122916,0.976935580678795,0.267754073205766
"spard",22,-0.0785528974203172,-0.344855247465093,-0.073991858755448
"spard",23,1.32996026038564,1.55047405589981,1.70195696712579
"spard",24,0.0835418634013173,0.248882507534882,0.0927410570458157
"spard",25,1.32996026038564,1.55047405589981,1.70195696712579
"spard",26,-0.0785528974203172,-0.344855247465093,-0.073991858755448
"spard",27,0.0929271319266815,0.215650064195562,0.426121742626161
"spard",28,-0.71226365491542,-1.77676302877434,-0.63556339543806
"spard",29,0.26634953181346,0.302244478867066,0.552738984442995
"spard",30,-0.203011708817661,-0.928795618879951,-0.117408948795345
"spard",31,1.32996026038564,1.55047405589981,1.70195696712579
"spard",32,1.32996026038564,1.55047405589981,1.70195696712579
"spard",33,0.454494909156187,0.310499526862804,1.06013174951976
"spard",34,-0.56727807434821,-1.04191868796241,-0.814187937955826
"spard",35,1.32996026038564,1.55047405589981,1.70195696712579
"spard",36,0.0359805538134733,0.243607536172406,0.0394676339453359
"spard",37,-0.203011708817661,-0.928795618879951,-0.117408948795345
"spard",38,0.61156030735849,1.06659247118433,1.19428303921687
"spard",39,0.828742895452668,1.33447561932156,1.36723525345097
"spard",40,1.32996026038564,1.55047405589981,1.70195696712579
"spard",41,0.26634953181346,0.302244478867066,0.552738984442995
"spard",42,-1.4221280273681,-2.15735265185421,-2.02430620957866
"spard",43,1.32996026038564,1.55047405589981,1.70195696712579
"spard",44,1.32996026038564,1.55047405589981,1.70195696712579
"spard",45,-1.19922829423161,-2.09940557351277,-1.42711294148214
"spard",46,-0.489031219306673,-1.04926699106431,-0.419641422503329
"spard",47,0.731561135294102,1.2505078563044,0.93711362463616
"spard",48,-0.268415664588678,0.121630388582346,-0.274822321242574
"spard",49,0.748416359785889,1.28576379306325,1.27731577242162
"spard",50,1.32996026038564,1.55047405589981,1.70195696712579
"spard",51,0.771054061701093,1.29843344891891,1.30158625350974
"spard",52,0.33318385345928,0.309726864903839,0.636030107545238
"spard",53,1.32996026038564,1.55047405589981,1.70195696712579
"spard",54,0.766029926783363,0.367913338617492,1.29503460617885
"spard",55,0.33318385345928,0.309726864903839,0.636030107545238
"spard",56,0.454494909156187,0.310499526862804,1.06013174951976
"spard",57,0.0542755112811056,-0.342555253597873,0.343780064334398
"spard",58,-1.0889766904561,-1.9116487002099,-1.39496672842143
"spard",59,1.32996026038564,1.55047405589981,1.70195696712579
"spard",60,0.446238314976878,1.01394200905578,0.725770143584101
"spard",61,0.766029926783363,0.367913338617492,1.29503460617885
"spard",62,-0.0200350724760565,0.780659359142385,0.0414861089889496
"spard",63,-0.647676040396763,-1.76631033385382,-0.267748769112844
"spard",64,-0.834176700276514,-1.79882280034546,-1.09399325799161
"spard",65,0.828742895452668,1.33447561932156,1.36723525345097
"spard",66,-0.621248782740412,-1.0498699720621,-0.90892518582194
"spard",67,-0.0273063528646051,0.245474310365174,-0.294452533154738
"spard",68,1.32996026038564,1.55047405589981,1.70195696712579
"spard",69,0.446238314976878,1.01394200905578,0.725770143584101
"spard",70,0.828742895452668,1.33447561932156,1.36723525345097
"spard",71,0.771054061701093,1.29843344891891,1.30158625350974
"spard",72,-0.145040350398488,-0.396530293226799,0.160523660200488
"spard",73,-0.453011104166311,-1.05694294718244,-0.132159313433041
"spard",74,-0.015791302423167,0.860806710167713,-0.305714807094525
"spard",75,0.0530501103820487,0.863563158611181,0.0414033664174395
"spard",76,0.454494909156187,0.310499526862804,1.06013174951976
"spard",77,-0.82385655729222,-1.15164007967958,-1.12862008221867
"spard",78,0.27700267789985,-0.305902763222266,0.578315011060913
"spard",79,0.217201240019566,0.960728085834634,0.194795994462903
"spard",80,0.400448847139941,-0.305597339101852,0.993092519456535
"spard",81,-1.0050761343575,-1.89535336742348,-1.28907205724125
"spard",82,-0.767556378837378,-1.80256220715858,-0.673297887256888
"spard",83,1.32996026038564,1.55047405589981,1.70195696712579
"spard",84,0.0530501103820487,0.863563158611181,0.0414033664174395
"spard",85,0.828742895452668,1.33447561932156,1.36723525345097
"spard",86,0.120479040720222,0.244210524444738,0.396321172692427
"spard",87,0.0868641199904787,-0.905848548170026,0.704881325083558
"spard",88,-1.0050761343575,-1.89535336742348,-1.28907205724125
"spard",89,-0.364152394852664,-0.392371064295272,-0.69521156228498
"spard",90,1.32996026038564,1.55047405589981,1.70195696712579
"spard",91,-0.502076494060294,-0.461952823049738,-0.774835723465106
"spard",92,-0.357419841209904,-0.415985342707259,-0.614228866190632
"spard",93,0.587070618342825,0.356347811832288,1.13475017216673
"spard",94,0.828742895452668,1.33447561932156,1.36723525345097
"spard",95,0.0741419426329745,0.23840171437034,0.400181426024861
"spard",96,0.828742895452668,1.33447561932156,1.36723525345097
"spard",97,-1.0889766904561,-1.9116487002099,-1.39496672842143
"spard",98,0.748416359785889,1.28576379306325,1.27731577242162
"spard",99,-0.00142820247605461,-0.346567547794229,0.269789667777023
"trellis",0,0.731561135294102,1.2505078563044,0.93711362463616
"trellis",1,1.32996026038564,1.55047405589981,1.70195696712579
"trellis",2,1.32996026038564,1.55047405589981,1.70195696712579
"trellis",3,1.32996026038564,1.55047405589981,1.70195696712579
"trellis",4,0.446238314976878,1.01394200905578,0.725770143584101
"trellis",5,0.113602427895434,0.877057206309161,-0.166567291487439
"trellis",6,1.32996026038564,1.55047405589981,1.70195696712579
"trellis",7,1.32996026038564,1.55047405589981,1.70195696712579
"trellis",8,0.731561135294102,1.2505078563044,0.93711362463616
"trellis",9,1.32996026038564,1.55047405589981,1.70195696712579
"trellis",10,0.0359805538134733,0.243607536172406,0.0394676339453359
"trellis",11,1.32996026038564,1.55047405589981,1.70195696712579
"trellis",12,1.32996026038564,1.55047405589981,1.70195696712579
"trellis",13,0.362618124354546,0.988229181409099,0.63249118400513
"trellis",14,0.731561135294102,1.2505078563044,0.93711362463616
"trellis",15,0.828742895452668,1.33447561932156,1.36723525345097
"trellis",16,-0.0241960671052576,-0.378633533151903,0.338245304849743
"trellis",17,1.32996026038564,1.55047405589981,1.70195696712579
"trellis",18,0.446238314976878,1.01394200905578,0.725770143584101
"trellis",19,0.587070618342825,0.356347811832288,1.13475017216673
"trellis",20,0.182196993766415,0.291889889458226,0.439570627522991
"trellis",21,1.32996026038564,1.55047405589981,1.70195696712579
"trellis",22,0.217201240019566,0.960728085834634,0.194795994462903
"trellis",23,1.32996026038564,1.55047405589981,1.70195696712579
"trellis",24,0.355331109811403,0.99463059021765,0.343371502765185
"trellis",25,1.32996026038564,1.55047405589981,1.70195696712579
"trellis",26,-0.675885760710203,-1.05762181084244,-0.996863372756371
"trellis",27,0.210155541568901,-0.337743800067316,0.814020440847371
"trellis",28,-0.0463516957026768,0.200163310865095,-0.0408454907035662
"trellis",29,1.32996026038564,1.55047405589981,1.70195696712579
"trellis",30,0.536080053328667,-0.28843879406561,1.03038722357884
"trellis",31,1.32996026038564,1.55047405589981,1.70195696712579
"trellis",32,1.32996026038564,1.55047405589981,1.70195696712579
"trellis",33,1.32996026038564,1.55047405589981,1.70195696712579
"trellis",34,0.1080051574853,-0.338753329515957,0.413992975479428
"trellis",35,0.179052840912446,0.252123126365017,0.474608149430969
"trellis",36,0.120479040720222,0.244210524444738,0.396321172692427
"trellis",37,1.32996026038564,1.55047405589981,1.70195696712579
"trellis",38,0.513621131003197,1.15746316544447,0.751101062436828
"trellis",39,0.365777726209181,0.301190445541103,0.942194476434847
"trellis",40,0.766029926783363,0.367913338617492,1.29503460617885
"trellis",41,0.26634953181346,0.302244478867066,0.552738984442995
"trellis",42,1.32996026038564,1.55047405589981,1.70195696712579
"trellis",43,1.32996026038564,1.55047405589981,1.70195696712579
"trellis",44,1.32996026038564,1.55047405589981,1.70195696712579
"trellis",45,-0.283159187888311,-0.424145405730929,-0.241048172891459
"trellis",46,0.61156030735849,1.06659247118433,1.19428303921687
"trellis",47,0.33318385345928,0.309726864903839,0.636030107545238
"trellis",48,0.454494909156187,0.310499526862804,1.06013174951976
"trellis",49,0.771054061701093,1.29843344891891,1.30158625350974
"trellis",50,-0.623675693508651,-1.72392590800878,-0.875490667235155
"trellis",51,0.828742895452668,1.33447561932156,1.36723525345097
"trellis",52,1.32996026038564,1.55047405589981,1.70195696712579
"trellis",53,1.32996026038564,1.55047405589981,1.70195696712579
"trellis",54,1.32996026038564,1.55047405589981,1.70195696712579
"trellis",55,0.0835418634013173,0.248882507534882,0.0927410570458157
"trellis",56,0.400448847139941,-0.305597339101852,0.993092519456535
"trellis",57,1.32996026038564,1.55047405589981,1.70195696712579
"trellis",58,0.61156030735849,1.06659247118433,1.19428303921687
"trellis",59,1.32996026038564,1.55047405589981,1.70195696712579
"trellis",60,1.32996026038564,1.55047405589981,1.70195696712579
"trellis",61,1.32996026038564,1.55047405589981,1.70195696712579
"trellis",62,0.61156030735849,1.06659247118433,1.19428303921687
"trellis",63,0.333528777463947,0.940329077220355,0.92766041608878
"trellis",64,-0.0582166617021962,0.230771962292027,-0.0913851144879071
"trellis",65,1.32996026038564,1.55047405589981,1.70195696712579
"trellis",66,1.32996026038564,1.55047405589981,1.70195696712579
"trellis",67,0.33318385345928,0.309726864903839,0.636030107545238
"trellis",68,1.32996026038564,1.55047405589981,1.70195696712579
"trellis",69,1.32996026038564,1.55047405589981,1.70195696712579
"trellis",70,1.32996026038564,1.55047405589981,1.70195696712579
"trellis",71,-0.00142820247605461,-0.346567547794229,0.269789667777023
"trellis",72,0.310764715901331,0.972027931987285,0.56513240854034
"trellis",73,-0.320392381407057,-0.427335729955425,-0.303949984871048
"trellis",74,0.0359805538134733,0.243607536172406,0.0394676339453359
"trellis",75,0.56989905500877,1.18842897030643,0.818592401966692
"trellis",76,1.32996026038564,1.55047405589981,1.70195696712579
"trellis",77,-0.393524200247632,-0.990327415754194,-0.332981953046666
"trellis",78,1.32996026038564,1.55047405589981,1.70195696712579
"trellis",79,0.310764715901331,0.972027931987285,0.56513240854034
"trellis",80,0.362618124354546,0.988229181409099,0.63249118400513
"trellis",81,-0.102056922479509,0.150788439091847,0.240942881310484
"trellis",82,-0.158706335031573,0.76202153689456,0.194425387784782
"trellis",83,0.828742895452668,1.33447561932156,1.36723525345097
"trellis",84,0.333528777463947,0.940329077220355,0.92766041608878
"trellis",85,0.748416359785889,1.28576379306325,1.27731577242162
"trellis",86,0.179052840912446,0.252123126365017,0.474608149430969
"trellis",87,0.280579644166637,0.963427810167655,0.526230528770493
"trellis",88,-0.834176700276514,-1.79882280034546,-1.09399325799161
"trellis",89,0.36349575810014,1.07043176802284,0.279655247807908
"trellis",90,1.32996026038564,1.55047405589981,1.70195696712579
"trellis",91,-0.70363623067009,-1.13128254042479,-0.937472720225494
"trellis",92,0.178640358127792,0.886855250105357,0.177582030731845
"trellis",93,1.32996026038564,1.55047405589981,1.70195696712579
"trellis",94,1.32996026038564,1.55047405589981,1.70195696712579
"trellis",95,-0.248406170614814,0.771889029181699,-0.580004147000569
"trellis",96,0.587070618342825,0.356347811832288,1.13475017216673
"trellis",97,-0.959863143382616,-1.88359900444384,-1.20679870201677
"trellis",98,0.363980658607961,0.338150854205915,0.604522889714501
"trellis",99,0.828742895452668,1.33447561932156,1.36723525345097
"triposr",0,-0.602734990724258,0.0941084599867778,-1.26472582500131
"triposr",1,-0.170106763314396,0.173175062674245,-0.416201631089448
"triposr",2,-0.88452955110095,-0.517010185117294,-1.08510750906216
"triposr",3,0.639793797732952,1.17263409323422,0.540646359670511
"triposr",4,0.0359805538134733,0.243607536172406,0.0394676339453359
"triposr",5,-0.862786813167561,-1.13982015658465,-1.47998916404744
"triposr",6,-0.176259860641893,0.188752397797455,-0.474663531186655
"triposr",7,-0.362379528354474,-0.426496946870156,-0.562756536710752
"triposr",8,-0.264497827383321,-0.378376144406543,-0.497620852422504
"triposr",9,1.32996026038564,1.55047405589981,1.70195696712579
"triposr",10,-0.303231182856447,0.13813143318926,-0.549001042528823
"triposr",11,-0.621248782740412,-1.0498699720621,-0.90892518582194
"triposr",12,-0.0770778146444833,0.169903447375983,-0.0260220445420811
"triposr",13,-0.53977578425758,-1.72514216997827,-0.46786936914026
"triposr",14,-0.765272116124035,0.0720362611914683,-1.34887792832794
"triposr",15,1.32996026038564,1.55047405589981,1.70195696712579
"triposr",16,-0.759002966550402,-1.14156734843922,-1.03314864309706
"triposr",17,1.32996026038564,1.55047405589981,1.70195696712579
"triposr",18,-1.80909220741428,-2.28822742144424,-2.34865975611945
"triposr",19,-0.759002966550402,-1.14156734843922,-1.03314864309706
"triposr",20,-0.906387399155572,-1.8078775902995,-1.19161214457152
"triposr",21,-0.301828987336528,-0.386090464329029,-0.60020174776235
"triposr",22,-0.657695620608873,-1.03944796461847,-1.26051700182345
"triposr",23,-0.621248782740412,-1.0498699720621,-0.90892518582194
"triposr",24,0.310764715901331,0.972027931987285,0.56513240854034
"triposr",25,-0.419770347521126,-0.978192464907524,-0.624134516563155
"triposr",26,-1.23962999560656,-1.96153146987759,-1.85889748472323
"triposr",27,-0.0327780613872823,0.770520312605732,0.265326901697859
"triposr",28,-0.880327053359788,-1.78461337657046,-1.42910863631807
"triposr",29,-0.0418363228329949,-0.906298753454897,0.223402616604468
"triposr",30,-0.532589526600535,-1.05092253298312,-0.734667403175582
"triposr",31,0.209722263075415,-0.309610233052848,0.499939922395737
"triposr",32,0.33318385345928,0.309726864903839,0.636030107545238
"triposr",33,-0.178401532876307,0.807151514997157,-0.462876684716589
"triposr",34,-0.301828987336528,-0.386090464329029,-0.60020174776235
"triposr",35,-0.393017323232348,-0.418466310370204,-0.674418460121052
"triposr",36,-0.16340312803647,-0.379466004661366,-0.154268465753375
"triposr",37,-0.199904106093092,-0.387823573210443,-0.15997296478035
"triposr",38,0.217201240019566,0.960728085834634,0.194795994462903
"triposr",39,0.00796483959083188,0.855074889824129,-0.0177549514161349
"triposr",40,-0.239674319999737,-0.420040857950581,-0.161269940545403
"triposr",41,0.0835418634013173,0.248882507534882,0.0927410570458157
"triposr",42,-0.961701492855543,-1.2118337029583,-1.21486346334667
"triposr",43,1.32996026038564,1.55047405589981,1.70195696712579
"triposr",44,-0.152156901067927,0.205060918196282,-0.434479764792549
"triposr",45,-0.600507458607551,-1.06229321688717,-0.834848232857453
"triposr",46,-0.358293224501514,0.132408810887137,-0.639577700381422
"triposr",47,0.26634953181346,0.302244478867066,0.552738984442995
"triposr",48,-0.156863325846899,0.182380345209494,-0.099530540614281
"triposr",49,0.149130067850542,0.877846792573134,0.414018822180306
"triposr",50,0.365777726209181,0.301190445541103,0.942194476434847
"triposr",51,-0.309626682402284,-0.381591769156167,-0.582153456802501
"triposr",52,0.0134217233397788,-0.338195563262452,0.0413389217870536
"triposr",53,0.446238314976878,1.01394200905578,0.725770143584101
"triposr",54,-0.199904106093092,-0.387823573210443,-0.15997296478035
"triposr",55,-0.862786813167561,-1.13982015658465,-1.47998916404744
"triposr",56,-0.489031219306673,-1.04926699106431,-0.419641422503329
"triposr",57,-0.56727807434821,-1.04191868796241,-0.814187937955826
"triposr",58,-0.783426580490031,-1.78714308754273,-0.73892538931513
"triposr",59,0.474486057487461,1.12586311994427,0.424839016792518
"triposr",60,-0.172234501468008,0.777297171318641,-0.440050296343452
"triposr",61,-0.226074727416591,-0.376032108404801,-0.432595410343221
"triposr",62,-0.453758933818025,-1.04372219618652,-0.359151579416934
"triposr",63,-0.456639989894191,-1.0496368068382,-0.099310202950679
"triposr",64,-1.23962999560656,-1.96153146987759,-1.85889748472323
"triposr",65,0.422906680404772,0.346326369395696,0.677485919279863
"triposr",66,-0.946740472753003,-1.79260384232692,-1.5298680531936
"triposr",67,-1.80909220741428,-2.28822742144424,-2.34865975611945
"triposr",68,-0.56727807434821,-1.04191868796241,-0.814187937955826
"triposr",69,0.294491171882314,-0.300751704293821,0.500370621664183
"triposr",70,-0.0819209727754141,0.239571146145085,-0.370487794443875
"triposr",71,0.311169910542527,0.296080923179859,0.878383500474616
"triposr",72,-0.241565154324035,-0.390775651089849,-0.224259212564891
"triposr",73,-0.753653600063082,-0.506381673232464,-1.05163690669493
"triposr",74,-0.719019729671016,0.0739712695661751,-0.967106404780682
"triposr",75,-0.0153776608058269,0.236760356379722,-0.0297559241215497
"triposr",76,0.0870885040297652,0.22821023996897,0.699053828480024
"triposr",77,-0.562998006631138,0.089194581783295,-0.908360714805744
"triposr",78,-0.56727807434821,-1.04191868796241,-0.814187937955826
"triposr",79,-0.643288642495171,-0.461142054775358,-1.30260280256011
"triposr",80,-0.158889211773038,-0.951393546168644,0.444940153284813
"triposr",81,-1.07392086724136,-1.94049000781812,-1.32102493864527
"triposr",82,-0.388340462814529,-0.999607284700686,-0.0554478943538887
"triposr",83,-0.0582166617021962,0.230771962292027,-0.0913851144879071
"triposr",84,-1.19922829423161,-2.09940557351277,-1.42711294148214
"triposr",85,0.310764715901331,0.972027931987285,0.56513240854034
"triposr",86,-0.82385655729222,-1.15164007967958,-1.12862008221867
"triposr",87,0.771054061701093,1.29843344891891,1.30158625350974
"triposr",88,-0.562998006631138,0.089194581783295,-0.908360714805744
"triposr",89,-1.10267536707675,-1.22848839087234,-1.75359483791425
"triposr",90,0.309199076858867,-0.310166155408781,0.884004023826408
"triposr",91,-0.56727807434821,-1.04191868796241,-0.814187937955826
"triposr",92,-1.00782577591492,-1.21422412029046,-1.59696632799243
"triposr",93,-0.0967485731315181,-0.35724734980272,-0.042451114372593
"triposr",94,1.32996026038564,1.55047405589981,1.70195696712579
"triposr",95,-0.82385655729222,-1.15164007967958,-1.12862008221867
"triposr",96,0.210961821635894,0.893062172890185,0.491275062685873
"triposr",97,-0.961701492855543,-1.2118337029583,-1.21486346334667
"triposr",98,0.486313630110029,1.14265180204262,0.716364533440311
"triposr",99,-0.123904731023012,-0.348728465020446,-0.137983833755438
"unique3d",0,-0.366549860900622,0.139189992331615,-0.959763274500659
"unique3d",1,-1.23976599519657,-1.92196613187003,-1.95755310868986
"unique3d",2,-1.80909220741428,-2.28822742144424,-2.34865975611945
"unique3d",3,-0.81192259057502,-0.498041711499221,-1.50216969853951
"unique3d",4,-1.80909220741428,-2.28822742144424,-2.34865975611945
"unique3d",5,-1.11389851716374,-1.22495783124849,-1.87832115634475
"unique3d",6,-0.714599915352065,-1.04709747528924,-1.34808671925057
"unique3d",7,-1.12230375059568,-1.92907130185253,-1.68669186645169
"unique3d",8,0.0274828485728548,0.825016524577774,0.0667417047444272
"unique3d",9,-1.80909220741428,-2.28822742144424,-2.34865975611945
"unique3d",10,-0.330446192973003,0.802368469720527,-1.00198661328738
"unique3d",11,-1.23976599519657,-1.92196613187003,-1.95755310868986
"unique3d",12,-0.714599915352065,-1.04709747528924,-1.34808671925057
"unique3d",13,-1.23976599519657,-1.92196613187003,-1.95755310868986
"unique3d",14,-0.462985574766307,-0.414109751968683,-1.1009400589913
"unique3d",15,-0.472315619798092,0.132176441817218,-1.16235446571632
"unique3d",16,-1.80909220741428,-2.28822742144424,-2.34865975611945
"unique3d",17,-1.11389851716374,-1.22495783124849,-1.87832115634475
"unique3d",18,-1.80909220741428,-2.28822742144424,-2.34865975611945
"unique3d",19,-0.795779005350989,-0.503721523548868,-1.42180486885044
"unique3d",20,-1.80909220741428,-2.28822742144424,-2.34865975611945
"unique3d",21,-0.781425027834154,-1.07953458262293,-1.49058335479553
"unique3d",22,-1.80909220741428,-2.28822742144424,-2.34865975611945
"unique3d",23,-1.80909220741428,-2.28822742144424,-2.34865975611945
"unique3d",24,-0.780498303607888,0.0684867712497862,-1.44556411361979
"unique3d",25,-1.80909220741428,-2.28822742144424,-2.34865975611945
"unique3d",26,-1.80909220741428,-2.28822742144424,-2.34865975611945
"unique3d",27,-1.80909220741428,-2.28822742144424,-2.34865975611945
"unique3d",28,-1.80909220741428,-2.28822742144424,-2.34865975611945
"unique3d",29,-0.330446192973003,0.802368469720527,-1.00198661328738
"unique3d",30,-0.621248782740412,-1.0498699720621,-0.90892518582194
"unique3d",31,-0.462985574766307,-0.414109751968683,-1.1009400589913
"unique3d",32,-1.11389851716374,-1.22495783124849,-1.87832115634475
"unique3d",33,-1.80909220741428,-2.28822742144424,-2.34865975611945
"unique3d",34,-1.80909220741428,-2.28822742144424,-2.34865975611945
"unique3d",35,-1.80909220741428,-2.28822742144424,-2.34865975611945
"unique3d",36,-1.23976599519657,-1.92196613187003,-1.95755310868986
"unique3d",37,-1.23976599519657,-1.92196613187003,-1.95755310868986
"unique3d",38,-1.23976599519657,-1.92196613187003,-1.95755310868986
"unique3d",39,-1.02965760516765,-1.21586182647825,-1.7101101986778
"unique3d",40,-1.80909220741428,-2.28822742144424,-2.34865975611945
"unique3d",41,-1.80909220741428,-2.28822742144424,-2.34865975611945
"unique3d",42,-1.07392086724136,-1.94049000781812,-1.32102493864527
"unique3d",43,0.16436121672115,0.953805899515075,-0.118175802208268
"unique3d",44,-1.80909220741428,-2.28822742144424,-2.34865975611945
"unique3d",45,-1.80909220741428,-2.28822742144424,-2.34865975611945
"unique3d",46,-1.80909220741428,-2.28822742144424,-2.34865975611945
"unique3d",47,-1.80909220741428,-2.28822742144424,-2.34865975611945
"unique3d",48,-1.80909220741428,-2.28822742144424,-2.34865975611945
"unique3d",49,-0.973565692352221,-1.13902019641133,-1.71057273064084
"unique3d",50,-1.80909220741428,-2.28822742144424,-2.34865975611945
"unique3d",51,-1.80909220741428,-2.28822742144424,-2.34865975611945
"unique3d",52,-0.811393859649583,-1.13232597198043,-1.39798856630438
"unique3d",53,-1.38091518697235,-1.29935314083253,-2.09158846991648
"unique3d",54,-0.377291918364766,0.175154323230143,-1.07401609013109
"unique3d",55,-1.80909220741428,-2.28822742144424,-2.34865975611945
"unique3d",56,-1.80909220741428,-2.28822742144424,-2.34865975611945
"unique3d",57,-1.80909220741428,-2.28822742144424,-2.34865975611945
"unique3d",58,-1.80909220741428,-2.28822742144424,-2.34865975611945
"unique3d",59,-0.834176700276514,-1.79882280034546,-1.09399325799161
"unique3d",60,-1.80909220741428,-2.28822742144424,-2.34865975611945
"unique3d",61,-1.38091518697235,-1.29935314083253,-2.09158846991648
"unique3d",62,-0.395122148859213,0.123027321688008,-0.74526939543061
"unique3d",63,-1.80909220741428,-2.28822742144424,-2.34865975611945
"unique3d",64,-1.80909220741428,-2.28822742144424,-2.34865975611945
"unique3d",65,-0.015791302423167,0.860806710167713,-0.305714807094525
"unique3d",66,-0.933744450921304,-1.15003683658453,-1.60765392985517
"unique3d",67,-0.330446192973003,0.802368469720527,-1.00198661328738
"unique3d",68,-1.80909220741428,-2.28822742144424,-2.34865975611945
"unique3d",69,-0.705540298191801,-0.465916786946439,-1.41264482646759
"unique3d",70,-1.80909220741428,-2.28822742144424,-2.34865975611945
"unique3d",71,-0.555583937640212,-0.466002629263751,-0.868387456704387
"unique3d",72,-0.178299659612637,0.236421293951418,-0.84379491293817
"unique3d",73,-1.80909220741428,-2.28822742144424,-2.34865975611945
"unique3d",74,-1.80909220741428,-2.28822742144424,-2.34865975611945
"unique3d",75,-0.705540298191801,-0.465916786946439,-1.41264482646759
"unique3d",76,-1.80909220741428,-2.28822742144424,-2.34865975611945
"unique3d",77,-1.80909220741428,-2.28822742144424,-2.34865975611945
"unique3d",78,-0.862786813167561,-1.13982015658465,-1.47998916404744
"unique3d",79,-1.23976599519657,-1.92196613187003,-1.95755310868986
"unique3d",80,-0.862786813167561,-1.13982015658465,-1.47998916404744
"unique3d",81,-1.80909220741428,-2.28822742144424,-2.34865975611945
"unique3d",82,-1.80909220741428,-2.28822742144424,-2.34865975611945
"unique3d",83,-1.80909220741428,-2.28822742144424,-2.34865975611945
"unique3d",84,-1.80909220741428,-2.28822742144424,-2.34865975611945
"unique3d",85,-0.606358216178641,-1.0028801671568,-1.27317241107451
"unique3d",86,-1.80909220741428,-2.28822742144424,-2.34865975611945
"unique3d",87,-0.0939523865469624,0.819852201532413,-0.358803893046899
"unique3d",88,-1.80909220741428,-2.28822742144424,-2.34865975611945
"unique3d",89,-0.862786813167561,-1.13982015658465,-1.47998916404744
"unique3d",90,-0.330446192973003,0.802368469720527,-1.00198661328738
"unique3d",91,-1.80909220741428,-2.28822742144424,-2.34865975611945
"unique3d",92,-1.80909220741428,-2.28822742144424,-2.34865975611945
"unique3d",93,-0.793329288218013,-1.08830631206463,-1.43145700730897
"unique3d",94,-0.869380561459678,-0.509033122713299,-1.54973130801236
"unique3d",95,-1.23962999560656,-1.96153146987759,-1.85889748472323
"unique3d",96,-1.80909220741428,-2.28822742144424,-2.34865975611945
"unique3d",97,-1.80909220741428,-2.28822742144424,-2.34865975611945
"unique3d",98,-0.0948956819776507,0.84796326923548,-0.437370210902045
"unique3d",99,-1.80909220741428,-2.28822742144424,-2.34865975611945
