"item","p_value","point_biserial"
"0",0.2,0.085
"1",0.2,0.432
"2",0,NA
"3",0.4,0.864
"4",0,NA
"5",0,NA
"6",0.2,0.625
"7",0.4,0.58
"8",0.6,0.933
"9",0.6,0.933
"10",0.2,0.432
"11",0.2,0.625
"12",0.4,0.864
"13",0,NA
"14",0,NA
"15",0.6,0.933
"16",0,NA
"17",0.8,0.649
"18",0,NA
"19",0,NA
"20",0,NA
"21",0,NA
"22",0,NA
"23",0.2,0.085
"24",0.2,0.432
"25",0.2,0.085
"26",0,NA
"27",0,NA
"28",0,NA
"29",0.4,0.864
"30",0,NA
"31",0,NA
"32",0.6,0.933
"33",0,NA
"34",0,NA
"35",0.2,0.085
"36",0,NA
"37",0.2,0.625
"38",0,NA
"39",0.4,0.422
"40",0.2,0.432
"41",0,NA
"42",0,NA
"43",0.6,0.933
"44",0.6,0.933
"45",0,NA
"46",0,NA
"47",0,NA
"48",0,NA
"49",0.4,0.864
"50",0.2,0.085
"51",0.2,0.432
"52",0.2,0.625
"53",0.6,0.933
"54",0.4,0.864
"55",0,NA
"56",0,NA
"57",0.2,0.625
"58",0,NA
"59",0.2,-0.494
"60",0.2,0.625
"61",0.2,0.625
"62",0.2,0.432
"63",0,NA
"64",0,NA
"65",0.4,0.864
"66",0,NA
"67",0,NA
"68",0,NA
"69",0.4,0.864
"70",0.4,0.864
"71",0,NA
"72",0,NA
"73",0,NA
"74",0,NA
"75",0,NA
"76",0.2,0.625
"77",0,NA
"78",0.2,0.625
"79",0,NA
"80",0,NA
"81",0,NA
"82",0,NA
"83",0.6,0.933
"84",0,NA
"85",0.4,0.864
"86",0,NA
"87",0.2,-0.494
"88",0,NA
"89",0,NA
"90",0.6,0.933
"91",0,NA
"92",0,NA
"93",0.2,0.625
"94",0.8,0.649
"95",0,NA
"96",0.2,0.625
"97",0,NA
"98",0.4,0.422
"99",0.2,0.625
