"prompt","theta","p_value"
"0",0.8,0.2
"1",0.8,0.2
"3",0.6,0.4
"6",0.8,0.2
"7",0.6,0.4
"8",0.4,0.6
"9",0.4,0.6
"10",0.8,0.2
"11",0.8,0.2
"12",0.6,0.4
"15",0.4,0.6
"17",0.2,0.8
"23",0.8,0.2
"24",0.8,0.2
"25",0.8,0.2
"29",0.6,0.4
"32",0.4,0.6
"35",0.8,0.2
"37",0.8,0.2
"39",0.6,0.4
"40",0.8,0.2
"43",0.4,0.6
"44",0.4,0.6
"49",0.6,0.4
"50",0.8,0.2
"51",0.8,0.2
"52",0.8,0.2
"53",0.4,0.6
"54",0.6,0.4
"57",0.8,0.2
"59",0.8,0.2
"60",0.8,0.2
"61",0.8,0.2
"62",0.8,0.2
"65",0.6,0.4
"69",0.6,0.4
"70",0.6,0.4
"76",0.8,0.2
"78",0.8,0.2
"83",0.4,0.6
"85",0.6,0.4
"87",0.8,0.2
"90",0.4,0.6
"93",0.8,0.2
"94",0.2,0.8
"96",0.8,0.2
"98",0.6,0.4
"99",0.8,0.2
