"item","MH_stat","MH_pval","MH_padj","LR_chi2","LR_pval","LR_padj","dif_flagged"
"X0",NA,NA,NA,NA,NA,NA,FALSE
"X1",NA,NA,NA,NA,NA,NA,FALSE
"X2",NA,NA,NA,NA,NA,NA,FALSE
"X3",NA,NA,NA,NA,NA,NA,FALSE
"X4",NA,NA,NA,NA,NA,NA,FALSE
"X5",NA,NA,NA,NA,NA,NA,FALSE
"X6",NA,NA,NA,NA,NA,NA,FALSE
"X7",NA,NA,NA,NA,NA,NA,FALSE
"X8",NA,NA,NA,NA,NA,NA,FALSE
"X9",NA,NA,NA,NA,NA,NA,FALSE
"X10",NA,NA,NA,NA,NA,NA,FALSE
"X11",NA,NA,NA,NA,NA,NA,FALSE
"X12",NA,NA,NA,NA,NA,NA,FALSE
"X13",NA,NA,NA,NA,NA,NA,FALSE
"X14",NA,NA,NA,NA,NA,NA,FALSE
"X15",NA,NA,NA,NA,NA,NA,FALSE
"X16",NA,NA,NA,NA,NA,NA,FALSE
"X17",NA,NA,NA,NA,NA,NA,FALSE
"X18",NA,NA,NA,NA,NA,NA,FALSE
"X19",NA,NA,NA,NA,NA,NA,FALSE
"X20",NA,NA,NA,NA,NA,NA,FALSE
"X21",NA,NA,NA,NA,NA,NA,FALSE
"X22",NA,NA,NA,NA,NA,NA,FALSE
"X23",NA,NA,NA,NA,NA,NA,FALSE
"X24",NA,NA,NA,NA,NA,NA,FALSE
"X25",NA,NA,NA,NA,NA,NA,FALSE
"X26",NA,NA,NA,NA,NA,NA,FALSE
"X27",NA,NA,NA,NA,NA,NA,FALSE
"X28",NA,NA,NA,NA,NA,NA,FALSE
"X29",NA,NA,NA,NA,NA,NA,FALSE
"X30",NA,NA,NA,NA,NA,NA,FALSE
"X31",NA,NA,NA,NA,NA,NA,FALSE
"X32",NA,NA,NA,NA,NA,NA,FALSE
"X33",NA,NA,NA,NA,NA,NA,FALSE
"X34",NA,NA,NA,NA,NA,NA,FALSE
"X35",NA,NA,NA,NA,NA,NA,FALSE
"X36",NA,NA,NA,NA,NA,NA,FALSE
"X37",NA,NA,NA,NA,NA,NA,FALSE
"X38",NA,NA,NA,NA,NA,NA,FALSE
"X39",NA,NA,NA,NA,NA,NA,FALSE
"X40",NA,NA,NA,NA,NA,NA,FALSE
"X41",NA,NA,NA,NA,NA,NA,FALSE
"X42",NA,NA,NA,NA,NA,NA,FALSE
"X43",NA,NA,NA,NA,NA,NA,FALSE
"X44",NA,NA,NA,NA,NA,NA,FALSE
"X45",NA,NA,NA,NA,NA,NA,FALSE
"X46",NA,NA,NA,NA,NA,NA,FALSE
"X47",NA,NA,NA,NA,NA,NA,FALSE
"X48",NA,NA,NA,NA,NA,NA,FALSE
"X49",NA,NA,NA,NA,NA,NA,FALSE
"X50",NA,NA,NA,NA,NA,NA,FALSE
"X51",NA,NA,NA,NA,NA,NA,FALSE
"X52",NA,NA,NA,NA,NA,NA,FALSE
"X53",NA,NA,NA,NA,NA,NA,FALSE
"X54",NA,NA,NA,NA,NA,NA,FALSE
"X55",NA,NA,NA,NA,NA,NA,FALSE
"X56",NA,NA,NA,NA,NA,NA,FALSE
"X57",NA,NA,NA,NA,NA,NA,FALSE
"X58",NA,NA,NA,NA,NA,NA,FALSE
"X59",NA,NA,NA,NA,NA,NA,FALSE
"X60",NA,NA,NA,NA,NA,NA,FALSE
"X61",NA,NA,NA,NA,NA,NA,FALSE
"X62",NA,NA,NA,NA,NA,NA,FALSE
"X63",NA,NA,NA,NA,NA,NA,FALSE
"X64",NA,NA,NA,NA,NA,NA,FALSE
"X65",NA,NA,NA,NA,NA,NA,FALSE
"X66",NA,NA,NA,NA,NA,NA,FALSE
"X67",NA,NA,NA,NA,NA,NA,FALSE
"X68",NA,NA,NA,NA,NA,NA,FALSE
"X69",NA,NA,NA,NA,NA,NA,FALSE
"X70",NA,NA,NA,NA,NA,NA,FALSE
"X71",NA,NA,NA,NA,NA,NA,FALSE
"X72",NA,NA,NA,NA,NA,NA,FALSE
"X73",NA,NA,NA,NA,NA,NA,FALSE
"X74",NA,NA,NA,NA,NA,NA,FALSE
"X75",NA,NA,NA,NA,NA,NA,FALSE
"X76",NA,NA,NA,NA,NA,NA,FALSE
"X77",NA,NA,NA,NA,NA,NA,FALSE
"X78",NA,NA,NA,NA,NA,NA,FALSE
"X79",NA,NA,NA,NA,NA,NA,FALSE
"X80",NA,NA,NA,NA,NA,NA,FALSE
"X81",NA,NA,NA,NA,NA,NA,FALSE
"X82",NA,NA,NA,NA,NA,NA,FALSE
"X83",NA,NA,NA,NA,NA,NA,FALSE
"X84",NA,NA,NA,NA,NA,NA,FALSE
"X85",NA,NA,NA,NA,NA,NA,FALSE
"X86",NA,NA,NA,NA,NA,NA,FALSE
"X87",NA,NA,NA,NA,NA,NA,FALSE
"X88",NA,NA,NA,NA,NA,NA,FALSE
"X89",NA,NA,NA,NA,NA,NA,FALSE
"X90",NA,NA,NA,NA,NA,NA,FALSE
"X91",NA,NA,NA,NA,NA,NA,FALSE
"X92",NA,NA,NA,NA,NA,NA,FALSE
"X93",NA,NA,NA,NA,NA,NA,FALSE
"X94",NA,NA,NA,NA,NA,NA,FALSE
"X95",NA,NA,NA,NA,NA,NA,FALSE
"X96",NA,NA,NA,NA,NA,NA,FALSE
"X97",NA,NA,NA,NA,NA,NA,FALSE
"X98",NA,NA,NA,NA,NA,NA,FALSE
"X99",NA,NA,NA,NA,NA,NA,FALSE
"X100",NA,NA,NA,NA,NA,NA,FALSE
"X101",NA,NA,NA,NA,NA,NA,FALSE
"X102",NA,NA,NA,NA,NA,NA,FALSE
"X103",NA,NA,NA,NA,NA,NA,FALSE
"X104",NA,NA,NA,NA,NA,NA,FALSE
"X105",NA,NA,NA,NA,NA,NA,FALSE
"X106",NA,NA,NA,NA,NA,NA,FALSE
"X107",NA,NA,NA,NA,NA,NA,FALSE
"X108",NA,NA,NA,NA,NA,NA,FALSE
"X109",NA,NA,NA,NA,NA,NA,FALSE
"X110",NA,NA,NA,NA,NA,NA,FALSE
"X111",NA,NA,NA,NA,NA,NA,FALSE
"X112",NA,NA,NA,NA,NA,NA,FALSE
"X113",NA,NA,NA,NA,NA,NA,FALSE
"X114",NA,NA,NA,NA,NA,NA,FALSE
"X115",NA,NA,NA,NA,NA,NA,FALSE
"X116",NA,NA,NA,NA,NA,NA,FALSE
"X117",NA,NA,NA,NA,NA,NA,FALSE
"X118",NA,NA,NA,NA,NA,NA,FALSE
"X119",NA,NA,NA,NA,NA,NA,FALSE
"X120",NA,NA,NA,NA,NA,NA,FALSE
"X121",NA,NA,NA,NA,NA,NA,FALSE
"X122",NA,NA,NA,NA,NA,NA,FALSE
"X123",NA,NA,NA,NA,NA,NA,FALSE
"X124",NA,NA,NA,NA,NA,NA,FALSE
"X125",NA,NA,NA,NA,NA,NA,FALSE
"X126",NA,NA,NA,NA,NA,NA,FALSE
"X127",NA,NA,NA,NA,NA,NA,FALSE
"X128",NA,NA,NA,NA,NA,NA,FALSE
"X129",NA,NA,NA,NA,NA,NA,FALSE
"X130",NA,NA,NA,NA,NA,NA,FALSE
"X131",NA,NA,NA,NA,NA,NA,FALSE
"X132",NA,NA,NA,NA,NA,NA,FALSE
"X133",NA,NA,NA,NA,NA,NA,FALSE
"X134",NA,NA,NA,NA,NA,NA,FALSE
"X135",NA,NA,NA,NA,NA,NA,FALSE
"X136",NA,NA,NA,NA,NA,NA,FALSE
"X137",NA,NA,NA,NA,NA,NA,FALSE
"X138",NA,NA,NA,NA,NA,NA,FALSE
"X139",NA,NA,NA,NA,NA,NA,FALSE
"X140",NA,NA,NA,NA,NA,NA,FALSE
"X141",NA,NA,NA,NA,NA,NA,FALSE
"X142",NA,NA,NA,NA,NA,NA,FALSE
"X143",NA,NA,NA,NA,NA,NA,FALSE
"X144",NA,NA,NA,NA,NA,NA,FALSE
"X145",NA,NA,NA,NA,NA,NA,FALSE
"X146",NA,NA,NA,NA,NA,NA,FALSE
"X147",NA,NA,NA,NA,NA,NA,FALSE
"X148",NA,NA,NA,NA,NA,NA,FALSE
"X149",NA,NA,NA,NA,NA,NA,FALSE
"X150",NA,NA,NA,NA,NA,NA,FALSE
"X151",NA,NA,NA,NA,NA,NA,FALSE
"X152",NA,NA,NA,NA,NA,NA,FALSE
"X153",NA,NA,NA,NA,NA,NA,FALSE
"X154",NA,NA,NA,NA,NA,NA,FALSE
"X155",NA,NA,NA,NA,NA,NA,FALSE
"X156",NA,NA,NA,NA,NA,NA,FALSE
"X157",NA,NA,NA,NA,NA,NA,FALSE
"X158",NA,NA,NA,NA,NA,NA,FALSE
"X159",NA,NA,NA,NA,NA,NA,FALSE
"X160",NA,NA,NA,NA,NA,NA,FALSE
"X161",NA,NA,NA,NA,NA,NA,FALSE
"X162",NA,NA,NA,NA,NA,NA,FALSE
"X163",NA,NA,NA,NA,NA,NA,FALSE
"X164",NA,NA,NA,NA,NA,NA,FALSE
"X165",NA,NA,NA,NA,NA,NA,FALSE
"X166",NA,NA,NA,NA,NA,NA,FALSE
"X167",NA,NA,NA,NA,NA,NA,FALSE
"X168",NA,NA,NA,NA,NA,NA,FALSE
"X169",NA,NA,NA,NA,NA,NA,FALSE
"X170",NA,NA,NA,NA,NA,NA,FALSE
"X171",NA,NA,NA,NA,NA,NA,FALSE
"X172",NA,NA,NA,NA,NA,NA,FALSE
"X173",NA,NA,NA,NA,NA,NA,FALSE
"X174",NA,NA,NA,NA,NA,NA,FALSE
"X175",NA,NA,NA,NA,NA,NA,FALSE
"X176",NA,NA,NA,NA,NA,NA,FALSE
"X177",NA,NA,NA,NA,NA,NA,FALSE
"X178",NA,NA,NA,NA,NA,NA,FALSE
"X179",NA,NA,NA,NA,NA,NA,FALSE
"X180",NA,NA,NA,NA,NA,NA,FALSE
"X181",NA,NA,NA,NA,NA,NA,FALSE
"X182",NA,NA,NA,NA,NA,NA,FALSE
"X183",NA,NA,NA,NA,NA,NA,FALSE
"X184",NA,NA,NA,NA,NA,NA,FALSE
"X185",NA,NA,NA,NA,NA,NA,FALSE
"X186",NA,NA,NA,NA,NA,NA,FALSE
"X187",NA,NA,NA,NA,NA,NA,FALSE
"X188",NA,NA,NA,NA,NA,NA,FALSE
"X189",NA,NA,NA,NA,NA,NA,FALSE
"X190",NA,NA,NA,NA,NA,NA,FALSE
"X191",NA,NA,NA,NA,NA,NA,FALSE
"X192",NA,NA,NA,NA,NA,NA,FALSE
"X193",NA,NA,NA,NA,NA,NA,FALSE
"X194",NA,NA,NA,NA,NA,NA,FALSE
"X195",NA,NA,NA,NA,NA,NA,FALSE
"X196",NA,NA,NA,NA,NA,NA,FALSE
"X197",NA,NA,NA,NA,NA,NA,FALSE
"X198",NA,NA,NA,NA,NA,NA,FALSE
"X199",NA,NA,NA,NA,NA,NA,FALSE
"X200",NA,NA,NA,NA,NA,NA,FALSE
"X201",NA,NA,NA,NA,NA,NA,FALSE
"X202",NA,NA,NA,NA,NA,NA,FALSE
"X203",NA,NA,NA,NA,NA,NA,FALSE
"X204",NA,NA,NA,NA,NA,NA,FALSE
"X205",NA,NA,NA,NA,NA,NA,FALSE
"X206",NA,NA,NA,NA,NA,NA,FALSE
"X207",NA,NA,NA,NA,NA,NA,FALSE
"X208",NA,NA,NA,NA,NA,NA,FALSE
"X209",NA,NA,NA,NA,NA,NA,FALSE
"X210",NA,NA,NA,NA,NA,NA,FALSE
"X211",NA,NA,NA,NA,NA,NA,FALSE
"X212",NA,NA,NA,NA,NA,NA,FALSE
"X213",NA,NA,NA,NA,NA,NA,FALSE
"X214",NA,NA,NA,NA,NA,NA,FALSE
"X215",NA,NA,NA,NA,NA,NA,FALSE
"X216",NA,NA,NA,NA,NA,NA,FALSE
"X217",NA,NA,NA,NA,NA,NA,FALSE
"X218",NA,NA,NA,NA,NA,NA,FALSE
"X219",NA,NA,NA,NA,NA,NA,FALSE
"X220",NA,NA,NA,NA,NA,NA,FALSE
"X221",NA,NA,NA,NA,NA,NA,FALSE
"X222",NA,NA,NA,NA,NA,NA,FALSE
"X223",NA,NA,NA,NA,NA,NA,FALSE
"X224",NA,NA,NA,NA,NA,NA,FALSE
"X225",NA,NA,NA,NA,NA,NA,FALSE
"X226",NA,NA,NA,NA,NA,NA,FALSE
"X227",NA,NA,NA,NA,NA,NA,FALSE
"X228",NA,NA,NA,NA,NA,NA,FALSE
"X229",NA,NA,NA,NA,NA,NA,FALSE
"X230",NA,NA,NA,NA,NA,NA,FALSE
"X231",NA,NA,NA,NA,NA,NA,FALSE
"X232",NA,NA,NA,NA,NA,NA,FALSE
"X233",NA,NA,NA,NA,NA,NA,FALSE
"X234",NA,NA,NA,NA,NA,NA,FALSE
"X235",NA,NA,NA,NA,NA,NA,FALSE
"X236",NA,NA,NA,NA,NA,NA,FALSE
"X237",NA,NA,NA,NA,NA,NA,FALSE
"X238",NA,NA,NA,NA,NA,NA,FALSE
"X239",NA,NA,NA,NA,NA,NA,FALSE
"X240",NA,NA,NA,NA,NA,NA,FALSE
"X241",NA,NA,NA,NA,NA,NA,FALSE
"X242",NA,NA,NA,NA,NA,NA,FALSE
"X243",NA,NA,NA,NA,NA,NA,FALSE
"X244",NA,NA,NA,NA,NA,NA,FALSE
"X245",NA,NA,NA,NA,NA,NA,FALSE
"X246",NA,NA,NA,NA,NA,NA,FALSE
"X247",NA,NA,NA,NA,NA,NA,FALSE
"X248",NA,NA,NA,NA,NA,NA,FALSE
"X249",NA,NA,NA,NA,NA,NA,FALSE
"X250",NA,NA,NA,NA,NA,NA,FALSE
"X251",NA,NA,NA,NA,NA,NA,FALSE
"X252",NA,NA,NA,NA,NA,NA,FALSE
"X253",NA,NA,NA,NA,NA,NA,FALSE
"X254",NA,NA,NA,NA,NA,NA,FALSE
"X255",NA,NA,NA,NA,NA,NA,FALSE
"X256",NA,NA,NA,NA,NA,NA,FALSE
"X257",NA,NA,NA,NA,NA,NA,FALSE
"X258",NA,NA,NA,NA,NA,NA,FALSE
"X259",NA,NA,NA,NA,NA,NA,FALSE
"X260",NA,NA,NA,NA,NA,NA,FALSE
"X261",NA,NA,NA,NA,NA,NA,FALSE
"X262",NA,NA,NA,NA,NA,NA,FALSE
"X263",NA,NA,NA,NA,NA,NA,FALSE
"X264",NA,NA,NA,NA,NA,NA,FALSE
"X265",NA,NA,NA,NA,NA,NA,FALSE
"X266",NA,NA,NA,NA,NA,NA,FALSE
"X267",NA,NA,NA,NA,NA,NA,FALSE
"X268",NA,NA,NA,NA,NA,NA,FALSE
"X269",NA,NA,NA,NA,NA,NA,FALSE
"X270",NA,NA,NA,NA,NA,NA,FALSE
"X271",NA,NA,NA,NA,NA,NA,FALSE
"X272",NA,NA,NA,NA,NA,NA,FALSE
"X273",NA,NA,NA,NA,NA,NA,FALSE
"X274",NA,NA,NA,NA,NA,NA,FALSE
"X275",NA,NA,NA,NA,NA,NA,FALSE
"X276",NA,NA,NA,NA,NA,NA,FALSE
"X277",NA,NA,NA,NA,NA,NA,FALSE
"X278",NA,NA,NA,NA,NA,NA,FALSE
"X279",NA,NA,NA,NA,NA,NA,FALSE
"X280",NA,NA,NA,NA,NA,NA,FALSE
"X281",NA,NA,NA,NA,NA,NA,FALSE
"X282",NA,NA,NA,NA,NA,NA,FALSE
"X283",NA,NA,NA,NA,NA,NA,FALSE
"X284",NA,NA,NA,NA,NA,NA,FALSE
"X285",NA,NA,NA,NA,NA,NA,FALSE
"X286",NA,NA,NA,NA,NA,NA,FALSE
"X287",NA,NA,NA,NA,NA,NA,FALSE
"X288",NA,NA,NA,NA,NA,NA,FALSE
"X289",NA,NA,NA,NA,NA,NA,FALSE
"X290",NA,NA,NA,NA,NA,NA,FALSE
"X291",NA,NA,NA,NA,NA,NA,FALSE
"X292",NA,NA,NA,NA,NA,NA,FALSE
"X293",NA,NA,NA,NA,NA,NA,FALSE
"X294",NA,NA,NA,NA,NA,NA,FALSE
"X295",NA,NA,NA,NA,NA,NA,FALSE
"X296",NA,NA,NA,NA,NA,NA,FALSE
"X297",NA,NA,NA,NA,NA,NA,FALSE
"X298",NA,NA,NA,NA,NA,NA,FALSE
"X299",NA,NA,NA,NA,NA,NA,FALSE
"X300",NA,NA,NA,NA,NA,NA,FALSE
"X301",NA,NA,NA,NA,NA,NA,FALSE
"X302",NA,NA,NA,NA,NA,NA,FALSE
"X303",NA,NA,NA,NA,NA,NA,FALSE
"X304",NA,NA,NA,NA,NA,NA,FALSE
"X305",NA,NA,NA,NA,NA,NA,FALSE
"X306",NA,NA,NA,NA,NA,NA,FALSE
"X307",NA,NA,NA,NA,NA,NA,FALSE
"X308",NA,NA,NA,NA,NA,NA,FALSE
"X309",NA,NA,NA,NA,NA,NA,FALSE
"X310",NA,NA,NA,NA,NA,NA,FALSE
"X311",NA,NA,NA,NA,NA,NA,FALSE
"X312",NA,NA,NA,NA,NA,NA,FALSE
"X313",NA,NA,NA,NA,NA,NA,FALSE
"X314",NA,NA,NA,NA,NA,NA,FALSE
"X315",NA,NA,NA,NA,NA,NA,FALSE
"X316",NA,NA,NA,NA,NA,NA,FALSE
"X317",NA,NA,NA,NA,NA,NA,FALSE
"X318",NA,NA,NA,NA,NA,NA,FALSE
"X319",NA,NA,NA,NA,NA,NA,FALSE
"X320",NA,NA,NA,NA,NA,NA,FALSE
"X321",NA,NA,NA,NA,NA,NA,FALSE
"X322",NA,NA,NA,NA,NA,NA,FALSE
"X323",NA,NA,NA,NA,NA,NA,FALSE
"X324",NA,NA,NA,NA,NA,NA,FALSE
"X325",NA,NA,NA,NA,NA,NA,FALSE
"X326",NA,NA,NA,NA,NA,NA,FALSE
"X327",NA,NA,NA,NA,NA,NA,FALSE
"X328",NA,NA,NA,NA,NA,NA,FALSE
"X329",NA,NA,NA,NA,NA,NA,FALSE
"X330",NA,NA,NA,NA,NA,NA,FALSE
"X331",NA,NA,NA,NA,NA,NA,FALSE
"X332",NA,NA,NA,NA,NA,NA,FALSE
"X333",NA,NA,NA,NA,NA,NA,FALSE
"X334",NA,NA,NA,NA,NA,NA,FALSE
"X335",NA,NA,NA,NA,NA,NA,FALSE
"X336",NA,NA,NA,NA,NA,NA,FALSE
"X337",NA,NA,NA,NA,NA,NA,FALSE
"X338",NA,NA,NA,NA,NA,NA,FALSE
"X339",NA,NA,NA,NA,NA,NA,FALSE
"X340",NA,NA,NA,NA,NA,NA,FALSE
"X341",NA,NA,NA,NA,NA,NA,FALSE
"X342",NA,NA,NA,NA,NA,NA,FALSE
"X343",NA,NA,NA,NA,NA,NA,FALSE
"X344",NA,NA,NA,NA,NA,NA,FALSE
"X345",NA,NA,NA,NA,NA,NA,FALSE
"X346",NA,NA,NA,NA,NA,NA,FALSE
"X347",NA,NA,NA,NA,NA,NA,FALSE
"X348",NA,NA,NA,NA,NA,NA,FALSE
"X349",NA,NA,NA,NA,NA,NA,FALSE
"X350",NA,NA,NA,NA,NA,NA,FALSE
"X351",NA,NA,NA,NA,NA,NA,FALSE
"X352",NA,NA,NA,NA,NA,NA,FALSE
"X353",NA,NA,NA,NA,NA,NA,FALSE
"X354",NA,NA,NA,NA,NA,NA,FALSE
"X355",NA,NA,NA,NA,NA,NA,FALSE
"X356",NA,NA,NA,NA,NA,NA,FALSE
"X357",NA,NA,NA,NA,NA,NA,FALSE
"X358",NA,NA,NA,NA,NA,NA,FALSE
"X359",NA,NA,NA,NA,NA,NA,FALSE
"X360",NA,NA,NA,NA,NA,NA,FALSE
"X361",NA,NA,NA,NA,NA,NA,FALSE
"X362",NA,NA,NA,NA,NA,NA,FALSE
"X363",NA,NA,NA,NA,NA,NA,FALSE
"X364",NA,NA,NA,NA,NA,NA,FALSE
"X365",NA,NA,NA,NA,NA,NA,FALSE
"X366",NA,NA,NA,NA,NA,NA,FALSE
"X367",NA,NA,NA,NA,NA,NA,FALSE
"X368",NA,NA,NA,NA,NA,NA,FALSE
"X369",NA,NA,NA,NA,NA,NA,FALSE
"X370",NA,NA,NA,NA,NA,NA,FALSE
"X371",NA,NA,NA,NA,NA,NA,FALSE
"X372",NA,NA,NA,NA,NA,NA,FALSE
"X373",NA,NA,NA,NA,NA,NA,FALSE
"X374",NA,NA,NA,NA,NA,NA,FALSE
"X375",NA,NA,NA,NA,NA,NA,FALSE
"X376",NA,NA,NA,NA,NA,NA,FALSE
"X377",NA,NA,NA,NA,NA,NA,FALSE
"X378",NA,NA,NA,NA,NA,NA,FALSE
"X379",NA,NA,NA,NA,NA,NA,FALSE
"X380",NA,NA,NA,NA,NA,NA,FALSE
"X381",NA,NA,NA,NA,NA,NA,FALSE
"X382",NA,NA,NA,NA,NA,NA,FALSE
"X383",NA,NA,NA,NA,NA,NA,FALSE
"X384",NA,NA,NA,NA,NA,NA,FALSE
"X385",NA,NA,NA,NA,NA,NA,FALSE
"X386",NA,NA,NA,NA,NA,NA,FALSE
"X387",NA,NA,NA,NA,NA,NA,FALSE
"X388",NA,NA,NA,NA,NA,NA,FALSE
"X389",NA,NA,NA,NA,NA,NA,FALSE
"X390",NA,NA,NA,NA,NA,NA,FALSE
"X391",NA,NA,NA,NA,NA,NA,FALSE
"X392",NA,NA,NA,NA,NA,NA,FALSE
"X393",NA,NA,NA,NA,NA,NA,FALSE
"X394",NA,NA,NA,NA,NA,NA,FALSE
"X395",NA,NA,NA,NA,NA,NA,FALSE
"X396",NA,NA,NA,NA,NA,NA,FALSE
"X397",NA,NA,NA,NA,NA,NA,FALSE
"X398",NA,NA,NA,NA,NA,NA,FALSE
"X399",NA,NA,NA,NA,NA,NA,FALSE
"X400",NA,NA,NA,NA,NA,NA,FALSE
"X401",NA,NA,NA,NA,NA,NA,FALSE
"X402",NA,NA,NA,NA,NA,NA,FALSE
"X403",NA,NA,NA,NA,NA,NA,FALSE
"X404",NA,NA,NA,NA,NA,NA,FALSE
"X405",NA,NA,NA,NA,NA,NA,FALSE
"X406",NA,NA,NA,NA,NA,NA,FALSE
"X407",NA,NA,NA,NA,NA,NA,FALSE
"X408",NA,NA,NA,NA,NA,NA,FALSE
"X409",NA,NA,NA,NA,NA,NA,FALSE
"X410",NA,NA,NA,NA,NA,NA,FALSE
"X411",NA,NA,NA,NA,NA,NA,FALSE
"X412",NA,NA,NA,NA,NA,NA,FALSE
"X413",NA,NA,NA,NA,NA,NA,FALSE
"X414",NA,NA,NA,NA,NA,NA,FALSE
"X415",NA,NA,NA,NA,NA,NA,FALSE
"X416",NA,NA,NA,NA,NA,NA,FALSE
"X417",NA,NA,NA,NA,NA,NA,FALSE
"X418",NA,NA,NA,NA,NA,NA,FALSE
"X419",NA,NA,NA,NA,NA,NA,FALSE
"X420",NA,NA,NA,NA,NA,NA,FALSE
"X421",NA,NA,NA,NA,NA,NA,FALSE
"X422",NA,NA,NA,NA,NA,NA,FALSE
"X423",NA,NA,NA,NA,NA,NA,FALSE
"X424",NA,NA,NA,NA,NA,NA,FALSE
"X425",NA,NA,NA,NA,NA,NA,FALSE
"X426",NA,NA,NA,NA,NA,NA,FALSE
"X427",NA,NA,NA,NA,NA,NA,FALSE
"X428",NA,NA,NA,NA,NA,NA,FALSE
"X429",NA,NA,NA,NA,NA,NA,FALSE
"X430",NA,NA,NA,NA,NA,NA,FALSE
"X431",NA,NA,NA,NA,NA,NA,FALSE
"X432",NA,NA,NA,NA,NA,NA,FALSE
"X433",NA,NA,NA,NA,NA,NA,FALSE
"X434",NA,NA,NA,NA,NA,NA,FALSE
"X435",NA,NA,NA,NA,NA,NA,FALSE
"X436",NA,NA,NA,NA,NA,NA,FALSE
"X437",NA,NA,NA,NA,NA,NA,FALSE
"X438",NA,NA,NA,NA,NA,NA,FALSE
"X439",NA,NA,NA,NA,NA,NA,FALSE
"X440",NA,NA,NA,NA,NA,NA,FALSE
"X441",NA,NA,NA,NA,NA,NA,FALSE
"X442",NA,NA,NA,NA,NA,NA,FALSE
"X443",NA,NA,NA,NA,NA,NA,FALSE
"X444",NA,NA,NA,NA,NA,NA,FALSE
"X445",NA,NA,NA,NA,NA,NA,FALSE
"X446",NA,NA,NA,NA,NA,NA,FALSE
"X447",NA,NA,NA,NA,NA,NA,FALSE
"X448",NA,NA,NA,NA,NA,NA,FALSE
"X449",NA,NA,NA,NA,NA,NA,FALSE
"X450",NA,NA,NA,NA,NA,NA,FALSE
"X451",NA,NA,NA,NA,NA,NA,FALSE
"X452",NA,NA,NA,NA,NA,NA,FALSE
"X453",NA,NA,NA,NA,NA,NA,FALSE
"X454",NA,NA,NA,NA,NA,NA,FALSE
"X455",NA,NA,NA,NA,NA,NA,FALSE
"X456",NA,NA,NA,NA,NA,NA,FALSE
"X457",NA,NA,NA,NA,NA,NA,FALSE
"X458",NA,NA,NA,NA,NA,NA,FALSE
"X459",NA,NA,NA,NA,NA,NA,FALSE
"X460",NA,NA,NA,NA,NA,NA,FALSE
"X461",NA,NA,NA,NA,NA,NA,FALSE
"X462",NA,NA,NA,NA,NA,NA,FALSE
"X463",NA,NA,NA,NA,NA,NA,FALSE
"X464",NA,NA,NA,NA,NA,NA,FALSE
"X465",NA,NA,NA,NA,NA,NA,FALSE
"X466",NA,NA,NA,NA,NA,NA,FALSE
"X467",NA,NA,NA,NA,NA,NA,FALSE
"X468",NA,NA,NA,NA,NA,NA,FALSE
"X469",NA,NA,NA,NA,NA,NA,FALSE
"X470",NA,NA,NA,NA,NA,NA,FALSE
"X471",NA,NA,NA,NA,NA,NA,FALSE
"X472",NA,NA,NA,NA,NA,NA,FALSE
"X473",NA,NA,NA,NA,NA,NA,FALSE
"X474",NA,NA,NA,NA,NA,NA,FALSE
"X475",NA,NA,NA,NA,NA,NA,FALSE
"X476",NA,NA,NA,NA,NA,NA,FALSE
"X477",NA,NA,NA,NA,NA,NA,FALSE
"X478",NA,NA,NA,NA,NA,NA,FALSE
"X479",NA,NA,NA,NA,NA,NA,FALSE
"X480",NA,NA,NA,NA,NA,NA,FALSE
"X481",NA,NA,NA,NA,NA,NA,FALSE
"X482",NA,NA,NA,NA,NA,NA,FALSE
"X483",NA,NA,NA,NA,NA,NA,FALSE
"X484",NA,NA,NA,NA,NA,NA,FALSE
"X485",NA,NA,NA,NA,NA,NA,FALSE
"X486",NA,NA,NA,NA,NA,NA,FALSE
"X487",NA,NA,NA,NA,NA,NA,FALSE
"X488",NA,NA,NA,NA,NA,NA,FALSE
"X489",NA,NA,NA,NA,NA,NA,FALSE
"X490",NA,NA,NA,NA,NA,NA,FALSE
"X491",NA,NA,NA,NA,NA,NA,FALSE
"X492",NA,NA,NA,NA,NA,NA,FALSE
"X493",NA,NA,NA,NA,NA,NA,FALSE
"X494",NA,NA,NA,NA,NA,NA,FALSE
"X495",NA,NA,NA,NA,NA,NA,FALSE
"X496",NA,NA,NA,NA,NA,NA,FALSE
"X497",NA,NA,NA,NA,NA,NA,FALSE
"X498",NA,NA,NA,NA,NA,NA,FALSE
"X499",NA,NA,NA,NA,NA,NA,FALSE
"X500",NA,NA,NA,NA,NA,NA,FALSE
"X501",NA,NA,NA,NA,NA,NA,FALSE
"X502",NA,NA,NA,NA,NA,NA,FALSE
"X503",NA,NA,NA,NA,NA,NA,FALSE
"X504",NA,NA,NA,NA,NA,NA,FALSE
"X505",NA,NA,NA,NA,NA,NA,FALSE
"X506",NA,NA,NA,NA,NA,NA,FALSE
"X507",NA,NA,NA,NA,NA,NA,FALSE
"X508",NA,NA,NA,NA,NA,NA,FALSE
"X509",NA,NA,NA,NA,NA,NA,FALSE
