"item","p_non_objaverse","p_objaverse","gap_objaverse_minus_non","abs_gap"
"29",0,1,1,1
"37",0,1,1,1
"39",0,1,1,1
"44",0,1,1,1
"54",0,1,1,1
"142",1,0,-1,1
"171",1,0,-1,1
"198",0,1,1,1
"270",0,1,1,1
"441",1,0,-1,1
"456",1,0,-1,1
"482",0,1,1,1
"485",0,1,1,1
"509",0,1,1,1
"1",0,0.8,0.8,0.8
"8",0,0.8,0.8,0.8
"17",0,0.8,0.8,0.8
"31",0,0.8,0.8,0.8
"32",0,0.8,0.8,0.8
"36",1,0.2,-0.8,0.8
"43",1,0.2,-0.8,0.8
"57",1,0.2,-0.8,0.8
"62",0,0.8,0.8,0.8
"65",0,0.8,0.8,0.8
"80",0,0.8,0.8,0.8
"90",0,0.8,0.8,0.8
"102",1,0.2,-0.8,0.8
"106",0,0.8,0.8,0.8
"109",1,0.2,-0.8,0.8
"111",0,0.8,0.8,0.8
"141",0,0.8,0.8,0.8
"150",1,0.2,-0.8,0.8
"160",0,0.8,0.8,0.8
"165",0,0.8,0.8,0.8
"172",0,0.8,0.8,0.8
"177",1,0.2,-0.8,0.8
"186",0,0.8,0.8,0.8
"195",1,0.2,-0.8,0.8
"235",0,0.8,0.8,0.8
"242",0,0.8,0.8,0.8
"256",0,0.8,0.8,0.8
"271",0,0.8,0.8,0.8
"275",1,0.2,-0.8,0.8
"288",1,0.2,-0.8,0.8
"293",1,0.2,-0.8,0.8
"300",0,0.8,0.8,0.8
"306",0,0.8,0.8,0.8
"307",0,0.8,0.8,0.8
"316",0,0.8,0.8,0.8
"321",0,0.8,0.8,0.8
"325",1,0.2,-0.8,0.8
"337",0,0.8,0.8,0.8
"341",0,0.8,0.8,0.8
"352",0,0.8,0.8,0.8
"353",0,0.8,0.8,0.8
"359",0,0.8,0.8,0.8
"360",0,0.8,0.8,0.8
"372",1,0.2,-0.8,0.8
"378",0,0.8,0.8,0.8
"385",1,0.2,-0.8,0.8
"398",1,0.2,-0.8,0.8
"419",1,0.2,-0.8,0.8
"428",0,0.8,0.8,0.8
"436",0,0.8,0.8,0.8
"439",1,0.2,-0.8,0.8
"461",0,0.8,0.8,0.8
"489",0,0.8,0.8,0.8
"504",1,0.2,-0.8,0.8
"505",0,0.8,0.8,0.8
"506",0,0.8,0.8,0.8
"0",1,0.4,-0.6,0.6
"6",1,0.4,-0.6,0.6
"7",0,0.6,0.6,0.6
"10",1,0.4,-0.6,0.6
"18",1,0.4,-0.6,0.6
"19",0,0.6,0.6,0.6
"25",0,0.6,0.6,0.6
"28",1,0.4,-0.6,0.6
"30",1,0.4,-0.6,0.6
"42",0,0.6,0.6,0.6
"48",1,0.4,-0.6,0.6
"50",1,0.4,-0.6,0.6
"52",0,0.6,0.6,0.6
"56",0,0.6,0.6,0.6
"59",0,0.6,0.6,0.6
"68",0,0.6,0.6,0.6
"71",1,0.4,-0.6,0.6
"72",1,0.4,-0.6,0.6
"74",0,0.6,0.6,0.6
"75",1,0.4,-0.6,0.6
"76",0,0.6,0.6,0.6
"84",0,0.6,0.6,0.6
"86",1,0.4,-0.6,0.6
"87",0,0.6,0.6,0.6
"98",1,0.4,-0.6,0.6
"129",0,0.6,0.6,0.6
"138",1,0.4,-0.6,0.6
"148",1,0.4,-0.6,0.6
"152",0,0.6,0.6,0.6
"157",0,0.6,0.6,0.6
"158",0,0.6,0.6,0.6
"161",0,0.6,0.6,0.6
"164",0,0.6,0.6,0.6
"178",1,0.4,-0.6,0.6
"180",1,0.4,-0.6,0.6
"182",0,0.6,0.6,0.6
"183",0,0.6,0.6,0.6
"187",0,0.6,0.6,0.6
"197",0,0.6,0.6,0.6
"199",1,0.4,-0.6,0.6
"200",0,0.6,0.6,0.6
"208",0,0.6,0.6,0.6
"212",0,0.6,0.6,0.6
"215",1,0.4,-0.6,0.6
"222",0,0.6,0.6,0.6
"223",0,0.6,0.6,0.6
"224",1,0.4,-0.6,0.6
"228",0,0.6,0.6,0.6
"234",0,0.6,0.6,0.6
"236",0,0.6,0.6,0.6
"240",1,0.4,-0.6,0.6
"243",0,0.6,0.6,0.6
"244",0,0.6,0.6,0.6
"245",0,0.6,0.6,0.6
"249",1,0.4,-0.6,0.6
"252",0,0.6,0.6,0.6
"255",1,0.4,-0.6,0.6
"257",1,0.4,-0.6,0.6
"260",0,0.6,0.6,0.6
"267",0,0.6,0.6,0.6
"268",0,0.6,0.6,0.6
"269",0,0.6,0.6,0.6
"273",0,0.6,0.6,0.6
"284",1,0.4,-0.6,0.6
"285",0,0.6,0.6,0.6
"289",1,0.4,-0.6,0.6
"295",1,0.4,-0.6,0.6
"297",1,0.4,-0.6,0.6
"303",0,0.6,0.6,0.6
"305",0,0.6,0.6,0.6
"310",1,0.4,-0.6,0.6
"312",1,0.4,-0.6,0.6
"315",0,0.6,0.6,0.6
"320",0,0.6,0.6,0.6
"326",1,0.4,-0.6,0.6
"335",0,0.6,0.6,0.6
"336",0,0.6,0.6,0.6
"338",0,0.6,0.6,0.6
"349",0,0.6,0.6,0.6
"351",0,0.6,0.6,0.6
"354",0,0.6,0.6,0.6
"357",1,0.4,-0.6,0.6
"366",1,0.4,-0.6,0.6
"368",1,0.4,-0.6,0.6
"374",0,0.6,0.6,0.6
"375",1,0.4,-0.6,0.6
"384",0,0.6,0.6,0.6
"387",0,0.6,0.6,0.6
"395",1,0.4,-0.6,0.6
"397",0,0.6,0.6,0.6
"402",0,0.6,0.6,0.6
"408",0,0.6,0.6,0.6
"409",1,0.4,-0.6,0.6
"413",1,0.4,-0.6,0.6
"422",1,0.4,-0.6,0.6
"429",0,0.6,0.6,0.6
"433",1,0.4,-0.6,0.6
"435",1,0.4,-0.6,0.6
"437",0,0.6,0.6,0.6
"440",0,0.6,0.6,0.6
"452",1,0.4,-0.6,0.6
"454",1,0.4,-0.6,0.6
"455",0,0.6,0.6,0.6
"460",1,0.4,-0.6,0.6
"463",0,0.6,0.6,0.6
"466",0,0.6,0.6,0.6
"471",0,0.6,0.6,0.6
"476",0,0.6,0.6,0.6
"478",1,0.4,-0.6,0.6
"481",0,0.6,0.6,0.6
"483",0,0.6,0.6,0.6
"484",1,0.4,-0.6,0.6
"486",0,0.6,0.6,0.6
"488",1,0.4,-0.6,0.6
"491",0,0.6,0.6,0.6
"495",1,0.4,-0.6,0.6
"496",0,0.6,0.6,0.6
"503",1,0.4,-0.6,0.6
"2",0,0.4,0.4,0.4
"4",1,0.6,-0.4,0.4
"9",0,0.4,0.4,0.4
"11",0,0.4,0.4,0.4
"13",0,0.4,0.4,0.4
"14",0,0.4,0.4,0.4
"16",1,0.6,-0.4,0.4
"20",0,0.4,0.4,0.4
"21",1,0.6,-0.4,0.4
"23",0,0.4,0.4,0.4
"24",0,0.4,0.4,0.4
"26",0,0.4,0.4,0.4
"27",0,0.4,0.4,0.4
"33",0,0.4,0.4,0.4
"38",1,0.6,-0.4,0.4
"40",0,0.4,0.4,0.4
"41",0,0.4,0.4,0.4
"45",0,0.4,0.4,0.4
"46",0,0.4,0.4,0.4
"49",1,0.6,-0.4,0.4
"51",0,0.4,0.4,0.4
"53",1,0.6,-0.4,0.4
"61",0,0.4,0.4,0.4
"63",0,0.4,0.4,0.4
"66",1,0.6,-0.4,0.4
"67",0,0.4,0.4,0.4
"77",0,0.4,0.4,0.4
"78",1,0.6,-0.4,0.4
"79",0,0.4,0.4,0.4
"82",1,0.6,-0.4,0.4
"83",1,0.6,-0.4,0.4
"92",0,0.4,0.4,0.4
"93",1,0.6,-0.4,0.4
"96",1,0.6,-0.4,0.4
"99",1,0.6,-0.4,0.4
"105",1,0.6,-0.4,0.4
"107",0,0.4,0.4,0.4
"108",1,0.6,-0.4,0.4
"110",0,0.4,0.4,0.4
"112",1,0.6,-0.4,0.4
"114",0,0.4,0.4,0.4
"115",0,0.4,0.4,0.4
"116",1,0.6,-0.4,0.4
"123",1,0.6,-0.4,0.4
"128",0,0.4,0.4,0.4
"130",0,0.4,0.4,0.4
"136",0,0.4,0.4,0.4
"139",0,0.4,0.4,0.4
"151",0,0.4,0.4,0.4
"153",0,0.4,0.4,0.4
"154",0,0.4,0.4,0.4
"155",0,0.4,0.4,0.4
"156",0,0.4,0.4,0.4
"159",0,0.4,0.4,0.4
"166",1,0.6,-0.4,0.4
"169",1,0.6,-0.4,0.4
"170",1,0.6,-0.4,0.4
"173",0,0.4,0.4,0.4
"174",0,0.4,0.4,0.4
"175",0,0.4,0.4,0.4
"179",0,0.4,0.4,0.4
"184",0,0.4,0.4,0.4
"188",0,0.4,0.4,0.4
"190",0,0.4,0.4,0.4
"191",0,0.4,0.4,0.4
"192",0,0.4,0.4,0.4
"193",0,0.4,0.4,0.4
"196",1,0.6,-0.4,0.4
"201",0,0.4,0.4,0.4
"203",0,0.4,0.4,0.4
"205",0,0.4,0.4,0.4
"207",1,0.6,-0.4,0.4
"209",1,0.6,-0.4,0.4
"211",1,0.6,-0.4,0.4
"214",0,0.4,0.4,0.4
"217",0,0.4,0.4,0.4
"219",0,0.4,0.4,0.4
"220",1,0.6,-0.4,0.4
"225",0,0.4,0.4,0.4
"229",0,0.4,0.4,0.4
"230",1,0.6,-0.4,0.4
"231",0,0.4,0.4,0.4
"237",1,0.6,-0.4,0.4
"238",1,0.6,-0.4,0.4
"246",0,0.4,0.4,0.4
"248",0,0.4,0.4,0.4
"251",0,0.4,0.4,0.4
"259",1,0.6,-0.4,0.4
"262",1,0.6,-0.4,0.4
"263",0,0.4,0.4,0.4
"264",0,0.4,0.4,0.4
"266",0,0.4,0.4,0.4
"276",0,0.4,0.4,0.4
"279",1,0.6,-0.4,0.4
"280",0,0.4,0.4,0.4
"281",0,0.4,0.4,0.4
"287",0,0.4,0.4,0.4
"290",0,0.4,0.4,0.4
"291",0,0.4,0.4,0.4
"292",0,0.4,0.4,0.4
"294",0,0.4,0.4,0.4
"296",0,0.4,0.4,0.4
"299",0,0.4,0.4,0.4
"301",1,0.6,-0.4,0.4
"309",1,0.6,-0.4,0.4
"311",1,0.6,-0.4,0.4
"314",1,0.6,-0.4,0.4
"318",1,0.6,-0.4,0.4
"322",1,0.6,-0.4,0.4
"323",1,0.6,-0.4,0.4
"324",1,0.6,-0.4,0.4
"327",1,0.6,-0.4,0.4
"329",1,0.6,-0.4,0.4
"330",0,0.4,0.4,0.4
"332",0,0.4,0.4,0.4
"333",1,0.6,-0.4,0.4
"339",0,0.4,0.4,0.4
"343",1,0.6,-0.4,0.4
"344",1,0.6,-0.4,0.4
"345",0,0.4,0.4,0.4
"346",1,0.6,-0.4,0.4
"348",1,0.6,-0.4,0.4
"350",0,0.4,0.4,0.4
"355",1,0.6,-0.4,0.4
"356",1,0.6,-0.4,0.4
"363",0,0.4,0.4,0.4
"364",1,0.6,-0.4,0.4
"365",0,0.4,0.4,0.4
"367",0,0.4,0.4,0.4
"371",0,0.4,0.4,0.4
"376",0,0.4,0.4,0.4
"380",1,0.6,-0.4,0.4
"381",1,0.6,-0.4,0.4
"382",1,0.6,-0.4,0.4
"383",1,0.6,-0.4,0.4
"386",0,0.4,0.4,0.4
"388",1,0.6,-0.4,0.4
"389",1,0.6,-0.4,0.4
"390",0,0.4,0.4,0.4
"392",0,0.4,0.4,0.4
"394",1,0.6,-0.4,0.4
"396",0,0.4,0.4,0.4
"400",0,0.4,0.4,0.4
"401",1,0.6,-0.4,0.4
"404",0,0.4,0.4,0.4
"407",1,0.6,-0.4,0.4
"414",0,0.4,0.4,0.4
"415",0,0.4,0.4,0.4
"416",1,0.6,-0.4,0.4
"418",1,0.6,-0.4,0.4
"420",1,0.6,-0.4,0.4
"423",0,0.4,0.4,0.4
"424",0,0.4,0.4,0.4
"425",0,0.4,0.4,0.4
"431",1,0.6,-0.4,0.4
"434",0,0.4,0.4,0.4
"438",0,0.4,0.4,0.4
"442",0,0.4,0.4,0.4
"447",1,0.6,-0.4,0.4
"450",0,0.4,0.4,0.4
"451",0,0.4,0.4,0.4
"457",0,0.4,0.4,0.4
"462",1,0.6,-0.4,0.4
"465",1,0.6,-0.4,0.4
"467",0,0.4,0.4,0.4
"469",0,0.4,0.4,0.4
"475",0,0.4,0.4,0.4
"477",1,0.6,-0.4,0.4
"490",1,0.6,-0.4,0.4
"492",1,0.6,-0.4,0.4
"493",0,0.4,0.4,0.4
"494",1,0.6,-0.4,0.4
"497",1,0.6,-0.4,0.4
"498",1,0.6,-0.4,0.4
"500",0,0.4,0.4,0.4
"501",0,0.4,0.4,0.4
"502",1,0.6,-0.4,0.4
"3",1,0.8,-0.2,0.2
"5",0,0.2,0.2,0.2
"22",0,0.2,0.2,0.2
"35",0,0.2,0.2,0.2
"47",0,0.2,0.2,0.2
"55",0,0.2,0.2,0.2
"64",0,0.2,0.2,0.2
"69",1,0.8,-0.2,0.2
"70",1,0.8,-0.2,0.2
"85",1,0.8,-0.2,0.2
"88",0,0.2,0.2,0.2
"89",0,0.2,0.2,0.2
"91",0,0.2,0.2,0.2
"94",1,0.8,-0.2,0.2
"100",1,0.8,-0.2,0.2
"104",1,0.8,-0.2,0.2
"117",0,0.2,0.2,0.2
"118",0,0.2,0.2,0.2
"119",0,0.2,0.2,0.2
"120",0,0.2,0.2,0.2
"122",0,0.2,0.2,0.2
"124",0,0.2,0.2,0.2
"125",0,0.2,0.2,0.2
"126",1,0.8,-0.2,0.2
"127",0,0.2,0.2,0.2
"131",0,0.2,0.2,0.2
"132",0,0.2,0.2,0.2
"133",0,0.2,0.2,0.2
"134",0,0.2,0.2,0.2
"137",0,0.2,0.2,0.2
"144",0,0.2,0.2,0.2
"145",0,0.2,0.2,0.2
"146",0,0.2,0.2,0.2
"149",0,0.2,0.2,0.2
"163",0,0.2,0.2,0.2
"167",0,0.2,0.2,0.2
"168",0,0.2,0.2,0.2
"181",0,0.2,0.2,0.2
"185",0,0.2,0.2,0.2
"189",0,0.2,0.2,0.2
"194",1,0.8,-0.2,0.2
"202",0,0.2,0.2,0.2
"204",1,0.8,-0.2,0.2
"206",0,0.2,0.2,0.2
"210",0,0.2,0.2,0.2
"213",1,0.8,-0.2,0.2
"226",0,0.2,0.2,0.2
"227",0,0.2,0.2,0.2
"239",1,0.8,-0.2,0.2
"247",1,0.8,-0.2,0.2
"250",1,0.8,-0.2,0.2
"253",1,0.8,-0.2,0.2
"254",1,0.8,-0.2,0.2
"258",1,0.8,-0.2,0.2
"261",1,0.8,-0.2,0.2
"265",1,0.8,-0.2,0.2
"272",1,0.8,-0.2,0.2
"274",1,0.8,-0.2,0.2
"277",1,0.8,-0.2,0.2
"282",0,0.2,0.2,0.2
"286",0,0.2,0.2,0.2
"298",1,0.8,-0.2,0.2
"302",0,0.2,0.2,0.2
"304",1,0.8,-0.2,0.2
"308",1,0.8,-0.2,0.2
"313",1,0.8,-0.2,0.2
"319",1,0.8,-0.2,0.2
"328",1,0.8,-0.2,0.2
"331",1,0.8,-0.2,0.2
"347",1,0.8,-0.2,0.2
"358",1,0.8,-0.2,0.2
"361",0,0.2,0.2,0.2
"362",1,0.8,-0.2,0.2
"369",0,0.2,0.2,0.2
"370",1,0.8,-0.2,0.2
"373",1,0.8,-0.2,0.2
"379",0,0.2,0.2,0.2
"391",1,0.8,-0.2,0.2
"399",1,0.8,-0.2,0.2
"403",1,0.8,-0.2,0.2
"405",1,0.8,-0.2,0.2
"406",1,0.8,-0.2,0.2
"410",1,0.8,-0.2,0.2
"411",1,0.8,-0.2,0.2
"421",0,0.2,0.2,0.2
"426",0,0.2,0.2,0.2
"427",1,0.8,-0.2,0.2
"432",1,0.8,-0.2,0.2
"443",1,0.8,-0.2,0.2
"444",0,0.2,0.2,0.2
"445",0,0.2,0.2,0.2
"446",1,0.8,-0.2,0.2
"448",1,0.8,-0.2,0.2
"449",0,0.2,0.2,0.2
"459",1,0.8,-0.2,0.2
"464",0,0.2,0.2,0.2
"468",1,0.8,-0.2,0.2
"472",0,0.2,0.2,0.2
"473",1,0.8,-0.2,0.2
"474",0,0.2,0.2,0.2
"480",1,0.8,-0.2,0.2
"487",0,0.2,0.2,0.2
"499",0,0.2,0.2,0.2
"507",0,0.2,0.2,0.2
"508",1,0.8,-0.2,0.2
"12",1,1,0,0
"15",1,1,0,0
"34",0,0,0,0
"58",0,0,0,0
"60",0,0,0,0
"73",0,0,0,0
"81",0,0,0,0
"95",0,0,0,0
"97",0,0,0,0
"101",0,0,0,0
"103",1,1,0,0
"113",1,1,0,0
"121",0,0,0,0
"135",0,0,0,0
"140",0,0,0,0
"143",0,0,0,0
"147",0,0,0,0
"162",0,0,0,0
"176",0,0,0,0
"216",1,1,0,0
"218",1,1,0,0
"221",0,0,0,0
"232",0,0,0,0
"233",0,0,0,0
"241",0,0,0,0
"278",0,0,0,0
"283",1,1,0,0
"317",0,0,0,0
"334",1,1,0,0
"340",0,0,0,0
"342",1,1,0,0
"377",1,1,0,0
"393",1,1,0,0
"412",1,1,0,0
"417",0,0,0,0
"430",0,0,0,0
"453",1,1,0,0
"458",1,1,0,0
"470",0,0,0,0
"479",0,0,0,0
