"item","p_value","point_biserial","difficulty","discrimination","theta","irt_difficulty","rank_in_selection"
9,0.333,0.806,0.667,0.806,-0.485,-0.485,1
10,0.5,0.657,0.5,0.657,-0.14,-0.14,2
74,0.5,0.855,0.5,0.855,0.171,0.171,3
80,0.667,0.648,0.333,0.648,0.555,0.555,4
82,0.667,0.797,0.333,0.797,0.52,0.52,5
134,0.167,0.701,0.833,0.701,-1.071,-1.071,6
136,0.333,0.806,0.667,0.806,-0.485,-0.485,7
177,0.333,-0.009,0.667,0.01,-0.35,-0.35,8
180,0.5,0.514,0.5,0.514,-0.061,-0.061,9
195,0.333,0.445,0.667,0.445,-0.718,-0.718,10
215,0.5,0.514,0.5,0.514,-0.061,-0.061,11
243,0.5,0.855,0.5,0.855,0.171,0.171,12
247,0.833,-0.319,0.167,0.01,0.901,0.901,13
306,0.667,0.368,0.333,0.368,0.749,0.749,14
344,0.667,0.797,0.333,0.797,0.52,0.52,15
364,0.667,0.797,0.333,0.797,0.52,0.52,16
367,0.333,0.655,0.667,0.655,-0.406,-0.406,17
368,0.5,0.229,0.5,0.229,0.227,0.227,18
374,0.5,0.855,0.5,0.855,0.171,0.171,19
380,0.667,0.438,0.333,0.438,0.24,0.24,20
386,0.333,0.806,0.667,0.806,-0.485,-0.485,21
414,0.333,0.352,0.667,0.352,-0.118,-0.118,22
426,0.167,0.319,0.833,0.319,-0.776,-0.776,23
432,0.833,-0.127,0.167,0.01,0.819,0.819,24
439,0.333,0.445,0.667,0.445,-0.718,-0.718,25
461,0.667,0.368,0.333,0.368,0.749,0.749,26
464,0.167,0.701,0.833,0.701,-1.071,-1.071,27
467,0.333,0.655,0.667,0.655,-0.406,-0.406,28
468,0.833,0.327,0.167,0.327,1.107,1.107,29
471,0.5,0.517,0.5,0.517,-0.106,-0.106,30
